ID,Activated B cell,Activated CD4 T cell,Activated CD8 T cell,Activated dendritic cell,CD56bright natural killer cell,CD56dim natural killer cell,Central memory CD4 T cell,Central memory CD8 T cell,Effector memeory CD4 T cell,Effector memeory CD8 T cell,Eosinophil,Gamma delta T cell,Immature  B cell,Immature dendritic cell,Macrophage,Mast cell,MDSC,Memory B cell,Monocyte,Natural killer cell,Natural killer T cell,Neutrophil,Plasmacytoid dendritic cell,Regulatory T cell,T follicular helper cell,Type 1 T helper cell,Type 17 T helper cell,Type 2 T helper cell
ec302,-0.000503658,0.444150456,0.451165433,0.29634426,0.185752359,0.35147137,0.558618929,0.208200814,0.183551766,0.396957537,0.095648593,0.285041977,0.075714277,0.332482306,0.105312332,0.243685321,0.466115719,0.049934316,0.142515301,0.384914709,0.113656389,-0.193796278,0.387664115,0.248651997,0.11775199,0.261673727,-0.164209797,0.169758733
ec303,-0.168308421,0.234517024,0.174256005,0.26832381,0.163159092,0.28235659,0.549338229,0.087689244,0.037672322,0.230581331,-0.173173572,0.251210307,-0.143323857,0.336832371,-0.003686923,0.065665971,0.287853004,-0.011928926,0.084799907,0.238004219,0.07278149,-0.110440795,0.34518454,0.076372032,0.002687215,0.112005949,-0.140697105,0.126432896
ec305,-0.215932292,0.349992905,0.227175002,0.299848316,0.206899928,0.286580098,0.551338694,0.104923051,0.047137809,0.246236004,-0.128930289,0.261626361,-0.082612061,0.304136572,0.016668725,0.095178232,0.314083407,0.034040506,0.102200425,0.318624289,0.126540414,-0.153068263,0.346010227,0.14437597,0.028581217,0.147313525,-0.120594817,0.07582038
ec306,-0.294476991,0.191219507,0.011486033,0.176361314,0.216844542,0.279954637,0.473810301,0.156849048,0.056670989,0.148696223,-0.113799459,0.210287043,-0.16669133,0.24818787,0.056784421,0.197668606,0.267848569,-0.016969271,0.072239353,0.304575638,0.107493808,-0.238997139,0.417932009,0.132167757,0.022347054,0.172009918,-0.280169202,0.114974312
ec325,-0.140983388,0.247514916,0.170202232,0.25035746,0.198405974,0.290485313,0.539593785,0.153260208,0.105413449,0.223628458,-0.078696318,0.259151283,-0.098799218,0.292009651,0.021923638,0.065995948,0.283549438,0.037776689,0.094041376,0.303760417,0.061690788,-0.032980897,0.363122586,0.08538305,0.009474477,0.152944644,-0.158797967,0.135469726
ec326,-0.066462869,0.395870582,0.376813101,0.291218312,0.147957823,0.331639323,0.520108205,0.195231098,0.037811936,0.352732232,-0.052844293,0.256728345,0.015366496,0.263453073,0.055046354,0.184133713,0.463316128,0.036931666,0.13717851,0.2986866,0.122946767,-0.209492243,0.389742595,0.233070683,0.094127446,0.208700127,-0.09706316,0.054716609
ec330,-0.180761376,0.278286277,0.178772373,0.239535221,0.201535648,0.329043913,0.557683342,0.169664278,0.052854707,0.270020779,-0.100044064,0.255876137,-0.073858824,0.292099693,0.053657428,0.116647568,0.343343394,0.036704493,0.09572422,0.322946313,0.090746664,-0.180904861,0.382358927,0.126732969,0.029835944,0.151385573,-0.196730243,0.078206935
ec331,-0.240577208,0.236092999,0.189190811,0.232742514,0.189144612,0.312751896,0.560442736,0.186458975,0.105491175,0.268523764,-0.051702526,0.257549555,-0.084959259,0.275803678,0.010703286,0.120118643,0.358426836,0.053780998,0.093395412,0.290781275,0.090784326,-0.182210491,0.35495676,0.15297784,-0.014205924,0.18035467,-0.142857606,0.067288332
ec308,-0.152812686,0.273043819,0.285988144,0.236065729,0.20700668,0.324150208,0.597210948,0.218030882,0.085052935,0.317376744,-0.050958272,0.320281569,-0.059951351,0.325964938,0.065639606,0.112598176,0.400362147,0.08471598,0.107215184,0.309934461,0.078992632,-0.042939833,0.392372963,0.188585419,0.089653199,0.189796881,-0.097940646,0.14092968
ec309,-0.01652702,0.302696044,0.336608172,0.282424145,0.19694993,0.353799694,0.570424892,0.280209908,0.188688056,0.357508626,0.014521799,0.336032425,0.060934097,0.28851779,0.076530899,0.154747197,0.465986075,0.060587268,0.116008641,0.369290984,0.099115109,0.055503182,0.416441242,0.278616176,0.149141256,0.217724199,-0.143104152,0.131402034
ec311,-0.282420135,0.177393595,0.102462305,0.255774462,0.222270521,0.254784827,0.569438662,0.21129737,0.103101705,0.243477343,-0.070599249,0.310675188,-0.211468761,0.288137244,-0.012232514,0.055306782,0.279508416,0.063285236,0.079351396,0.280974933,0.073564078,-0.028038951,0.401927276,0.081111592,0.015766218,0.127876602,-0.171563152,0.183440407
ec312,-0.252220652,0.220586266,0.234823719,0.260469963,0.233436141,0.281203469,0.560497089,0.185935849,0.061674596,0.312245835,-0.015370435,0.302936347,-0.109372619,0.247439788,-0.0466785,0.085831933,0.294866261,0.040567904,0.123287218,0.265188626,0.093266813,-0.017103199,0.381644713,0.105376409,0.067751295,0.140630818,-0.126331627,0.076664374
ec315,-0.209899311,0.344799734,0.203337314,0.218351985,0.204629788,0.258672624,0.53577116,0.150737339,0.101931788,0.27507278,-0.073444157,0.318393289,-0.12768421,0.358084138,-0.038449672,0.030951224,0.283887197,-0.031152561,0.091211039,0.262370884,0.015215741,-0.100206913,0.360556355,0.066712512,0.0725812,0.148539979,-0.175408757,0.077141087
ec316,-0.121923982,0.206739435,0.19637474,0.263940949,0.149166347,0.389304825,0.574891892,0.154130862,0.08545578,0.283365813,-0.03352901,0.233199364,-0.044407534,0.319896767,0.060499676,0.184144488,0.402431169,0.146148381,0.131670886,0.351888936,0.066217951,-0.145704251,0.468144384,0.148370001,0.040811983,0.217885367,-0.128342407,0.078369757
ec317,-0.124044992,0.300096583,0.216606078,0.273550848,0.19595684,0.308327781,0.567438752,0.219432848,0.160817402,0.29907152,-0.026173037,0.300760907,-0.036653905,0.302494859,0.058427216,0.195277893,0.427331078,0.092575456,0.103021274,0.359121108,0.098163978,0.028905054,0.416592671,0.279936026,0.084346758,0.223739243,-0.139977694,0.138326842
ec318,-0.136502842,0.166271894,0.223083959,0.22975146,0.162203352,0.305970645,0.5485423,0.220512558,0.045773675,0.267748892,-0.132375541,0.309465211,-0.050241799,0.271644588,0.036147959,0.118398558,0.378514916,0.047020095,0.084066796,0.292400356,0.07159333,-0.103062257,0.409111614,0.169200758,0.065025002,0.158798151,-0.246596264,0.003627971
ec319,-0.323171155,0.199632855,0.077099864,0.211492684,0.187498406,0.270548393,0.562722715,0.216301752,0.069208831,0.224419288,-0.134673854,0.331008617,-0.151462023,0.265048455,0.010317514,0.052025464,0.326047275,0.061940964,0.092198925,0.277530854,0.064729282,-0.007874723,0.386455264,0.101343698,0.03130081,0.142768411,-0.131801167,0.142198736
ec321,-0.259470494,0.15384529,0.052405404,0.231527728,0.183238983,0.313254976,0.557078829,0.189123602,0.110524756,0.239068825,-0.078173844,0.303068778,-0.146145877,0.275453558,0.047453308,0.144703579,0.361085841,0.106615285,0.090312255,0.274369879,0.089741128,-0.069638894,0.429190833,0.203426257,0.070831657,0.151836311,-0.182998351,0.05472686
ec322,-0.114321843,0.23691156,0.237951359,0.278574455,0.219000592,0.311746633,0.564037981,0.167471045,0.083441136,0.311867707,-0.091108134,0.307407305,-0.0106485,0.328936053,0.061000549,0.154349754,0.403524919,0.028880287,0.090817874,0.316554136,0.084224469,-0.118995814,0.412982614,0.18690229,0.099170724,0.166773393,-0.160815807,0.115130317
ec324,-0.30932309,0.26144491,0.109537308,0.204947834,0.132097114,0.251398149,0.545719807,0.193219477,0.093284914,0.250512945,-0.095496134,0.302644569,-0.180743905,0.292783077,-0.032527851,0.06180472,0.302305071,0.033190501,0.047557759,0.268395307,0.045352522,0.006125224,0.385300379,0.112383591,0.068988424,0.114827007,-0.156545971,0.044135844
ec333,-0.130307161,0.239536757,0.12314927,0.224763265,0.150829722,0.301148775,0.532472653,0.121547988,0.081758342,0.26839953,-0.089550704,0.219691233,-0.099005883,0.26123764,-0.009205585,0.07017946,0.277190019,0.104969721,0.109607005,0.292773964,0.0441884,-0.281632382,0.366637422,0.081912608,-0.010526765,0.157570357,-0.1278463,0.114258333
ec334,-0.224144178,0.244265245,0.09430024,0.214824501,0.167774212,0.306929041,0.579838947,0.15827856,0.078308875,0.267195321,0.025264481,0.299095049,-0.089595407,0.291483787,0.050629,0.092895074,0.319021548,-0.040426554,0.098477072,0.242337639,0.066551961,-0.037660093,0.396677815,0.11166569,0.031426922,0.151907472,-0.191868136,0.057754139
ec337,-0.23064854,0.265848764,0.197866983,0.247363351,0.161603073,0.264338475,0.52261391,0.196464502,0.026559517,0.256211694,-0.073920257,0.231849934,-0.114031254,0.250887468,0.024508883,0.176717718,0.347951157,0.013761104,0.099253184,0.279160436,0.088517304,-0.182817908,0.401123241,0.120444425,-0.003771421,0.161088976,-0.200496413,0.088327793
ec338,-0.258791603,0.223807955,0.093065738,0.206803732,0.203405908,0.295851179,0.505103779,0.166460536,0.04866494,0.242528434,-0.063297734,0.264061202,-0.110277966,0.325880864,0.000529283,0.109440392,0.29419355,0.071366481,0.084515381,0.276639081,0.066456652,-0.248069669,0.381390843,0.100002735,0.040234426,0.156427794,-0.218244436,0.040673
ec340,-0.136972507,0.277591059,0.199894332,0.26576095,0.161497756,0.300483631,0.542022285,0.167029094,0.07911715,0.287303837,-0.061910034,0.272466685,-0.055665525,0.299770456,0.033939052,0.091812421,0.371519906,0.024026954,0.080633519,0.293079185,0.071733691,0.023620882,0.423335123,0.136597195,0.046840226,0.158600645,-0.167938188,0.070192494
ec341,-0.262718741,0.080304968,0.149442021,0.201713566,0.153552733,0.253211939,0.550970265,0.149287574,0.025155373,0.24605318,-0.146149271,0.244943479,-0.104170694,0.284820422,0.028076925,0.102285872,0.310953239,0.070840946,0.094197617,0.280833273,0.099079698,-0.074996917,0.436753628,0.117865799,-0.001145826,0.133542561,-0.180145188,0.055044299
ec342,-0.199235654,0.088272417,0.140297313,0.216459391,0.155759861,0.302872873,0.568363841,0.17729396,0.108036738,0.216125717,-0.073347267,0.300397139,-0.137761517,0.313003756,0.02547758,0.088154817,0.286712042,0.058252927,0.096565252,0.306723702,0.049820248,-0.075354167,0.3885359,0.08074427,0.006555189,0.185024068,-0.161762487,0.070742874
ec347,-0.306484653,0.21344213,0.04676167,0.233971481,0.205525421,0.271524623,0.535743709,0.099352184,0.142977809,0.212267432,-0.09278726,0.247161515,-0.165622994,0.315961854,0.00701574,0.086146843,0.28801764,-0.035562295,0.071055799,0.229376185,0.024825774,-0.127243396,0.359073413,0.081200039,-0.011955638,0.144733246,-0.188551246,0.121704373
ec353,-0.188242058,0.270927373,0.192559052,0.275554841,0.175168672,0.327116906,0.575043515,0.201292422,0.085316193,0.243911892,-0.070789023,0.262972961,-0.095766351,0.31528304,0.030741623,0.142446449,0.336998245,0.044918926,0.10771266,0.294910809,0.09641982,-0.097809011,0.408639572,0.127778529,0.010758419,0.155078202,-0.150536383,0.028413804
ec355,-0.202958489,0.25489465,0.235730555,0.279669224,0.176101609,0.346720746,0.579401314,0.24001173,0.110165392,0.270946572,-0.00741465,0.277420287,-0.085303673,0.309109783,0.028773284,0.112198556,0.37740684,0.054582852,0.090755138,0.296074616,0.082499534,-0.05244265,0.42865281,0.148333388,0.053366848,0.177281977,-0.168151832,0.056106816
ec361,-0.219884301,0.183523109,0.153934578,0.21767948,0.173552078,0.294703525,0.58760999,0.188352501,0.141709644,0.260329877,0.047396904,0.276155695,-0.084218064,0.345592447,0.125271394,0.216743375,0.414937451,0.128266452,0.121699168,0.330578956,0.114412861,-0.105307159,0.408603441,0.286672989,0.088642467,0.227479985,-0.175795915,0.146908113
ec362,-0.308669326,0.163085414,-0.00061951,0.142306487,0.179339978,0.284019762,0.452446433,0.130524363,0.093353393,0.172377883,-0.19703961,0.186909794,-0.164065908,0.343281863,-0.00398955,0.06545772,0.193037822,-0.059165006,0.065752314,0.231453418,0.028302965,-0.27399387,0.372517527,0.013184516,-0.073048731,0.084514738,-0.199442102,0.099395437
ec365,-0.155704974,0.292450802,0.343885551,0.356467069,0.171296955,0.362906434,0.540570677,0.195864211,0.098779162,0.341396508,0.025787468,0.268106046,0.022307325,0.322476311,0.088819965,0.224862459,0.441968422,0.118567857,0.113641995,0.374611429,0.101354444,-0.16798611,0.403708738,0.264577109,0.0713296,0.224077292,-0.20509285,0.089853072
ec366,-0.199369021,0.232599195,0.1437026,0.23928813,0.16443022,0.312125649,0.438345666,0.106149957,0.053505348,0.26110838,-0.110523356,0.212153688,-0.10126762,0.195273022,-0.023043017,0.167361251,0.28589681,0.048490303,0.082332325,0.249852498,0.066745314,-0.257585852,0.314755205,0.01007339,-0.025959303,0.13424971,-0.25430292,0.039957223
ec367,-0.245128866,0.217067491,0.088741533,0.234784927,0.215280525,0.299907216,0.541818544,0.230901456,0.051592949,0.223900208,-0.004789642,0.277604425,-0.104746183,0.286671486,0.037356665,0.173483027,0.328354266,0.015489471,0.056729647,0.345435091,0.079304519,-0.11404399,0.391005139,0.136500676,-0.039760136,0.141575227,-0.246242926,0.109154405
ec370,-0.215251913,0.189953926,0.15679837,0.239477416,0.1680302,0.307271235,0.555674716,0.185028077,0.108945815,0.264294007,-0.017149156,0.318215029,-0.048011443,0.338168799,0.05065396,0.157376343,0.407557718,0.046392502,0.109198481,0.327638693,0.066238707,-0.041312186,0.426225868,0.223931348,0.095537748,0.189144567,-0.155007308,0.024450832
ec371,-0.327418935,0.168989262,0.013386386,0.182658677,0.157403623,0.288553494,0.616866957,0.124549931,0.161860381,0.151835555,-0.111166895,0.290103726,-0.184396066,0.289487114,0.108389995,0.11241284,0.333417575,0.111495944,0.105144223,0.269786372,0.076127418,0.040226146,0.464573626,0.248081934,0.026652812,0.164972716,-0.17758521,0.083404951
ec373,-0.23876524,0.225051177,0.171350564,0.214641601,0.161486404,0.262545523,0.588286602,0.190106613,0.111808853,0.276713959,-0.065426845,0.299434848,-0.153780105,0.314238172,0.00124199,0.093767924,0.334580317,0.063555729,0.069867314,0.24513248,0.083175555,0.053926504,0.396922272,0.141051325,0.045340712,0.146396677,-0.142664731,0.093572022
ec374,-0.267334,0.153058699,0.166548476,0.194540657,0.156929159,0.331604409,0.529174736,0.174555652,-0.003494756,0.203705115,-0.103046418,0.203732154,-0.028120123,0.293571111,-0.014299219,0.163591022,0.251659645,0.060657062,0.108149428,0.264755517,0.06018629,-0.237305652,0.379443452,0.049706261,-0.010418738,0.138386242,-0.213905365,0.089203957
ec375,-0.198599739,0.125113086,0.027308439,0.228100377,0.192407529,0.287802002,0.464197751,0.088877675,0.017741866,0.195081798,-0.110302879,0.193968035,-0.122978942,0.249824915,-0.010364018,0.201592214,0.227598166,-0.004622117,0.040421308,0.297528364,0.062649299,-0.355288778,0.412496202,0.059809105,-0.047239443,0.116445467,-0.233760984,0.062470122
ec406,-0.285172551,0.114240149,-0.017663705,0.188535044,0.16299885,0.289250911,0.558393961,0.167794802,0.069720099,0.174794579,-0.128833115,0.277300182,-0.179246051,0.315923357,-0.011780326,0.097656918,0.277132541,0.012662626,0.111983333,0.274658047,0.050150181,0.031755108,0.398819732,0.0298609,-0.022535199,0.120413917,-0.20930381,0.013549892
ec407,-0.210329834,0.295829878,0.277110006,0.234856725,0.15123613,0.271253297,0.550911743,0.141091194,0.065424382,0.28015806,-0.116325254,0.298029532,-0.11056174,0.310708372,0.03610556,0.091119543,0.362215374,-0.016003714,0.098823255,0.31515221,0.048348932,-0.061154971,0.383513382,0.102912874,0.028269081,0.153742024,-0.172801816,0.091277111
ec408,-0.206643714,0.23796057,0.109957725,0.264000953,0.163443758,0.31699922,0.535538411,0.169692723,0.113980735,0.218251261,-0.079861382,0.275496737,-0.10538356,0.290250756,0.023220925,0.097622175,0.32638316,0.005567596,0.079203026,0.26472104,0.067961076,-0.132798668,0.397727404,0.133861031,0.001335835,0.151913776,-0.252354864,0.118119352
ec409,-0.213032089,0.211167334,0.054358002,0.177012031,0.13094472,0.267507779,0.502607017,0.076447401,0.000692075,0.186233335,-0.096244051,0.20734266,-0.171640241,0.304164456,0.001817648,0.155452161,0.234396042,0.099745508,0.080551613,0.217816462,0.048787733,-0.298984163,0.406893677,0.016641979,-0.067919113,0.125817941,-0.137205117,0.008265822
ec376,-0.149065012,0.220420093,0.179073328,0.310291377,0.192105302,0.333570643,0.543123609,0.226182645,0.063585726,0.278558372,-0.115160852,0.271258775,-0.041976816,0.282767314,0.051883264,0.143223169,0.374973596,0.020935661,0.097812955,0.335874443,0.080511652,-0.168899741,0.364244338,0.206276554,0.055423867,0.150205432,-0.226688288,0.084729666
ec378,-0.211263947,0.283041856,0.10038522,0.277388899,0.150162623,0.263840388,0.575058206,0.180085406,0.140903922,0.242919204,0.026212474,0.298003295,-0.128903591,0.319065459,-0.0049449,0.111050339,0.303439859,-0.003339422,0.087602381,0.261318619,0.061170408,0.115808728,0.39402373,0.135920561,0.076389129,0.141593627,-0.162942801,0.117571993
ec380,0.185600907,0.357669941,0.337770333,0.250753188,0.173961683,0.316790584,0.56268994,0.158332211,0.108095128,0.310446705,-0.0119275,0.258657752,0.186712983,0.306690766,0.072440791,0.239773569,0.436580256,0.075155694,0.115154395,0.32308845,0.114720992,-0.057002506,0.389264587,0.165935589,0.084673579,0.229541499,-0.168041447,0.104100948
ec381,-0.191653835,0.240881484,0.172117586,0.237405032,0.171944817,0.296294202,0.532356375,0.203249674,0.068539114,0.268212582,-0.101128209,0.232831892,-0.034454093,0.325740235,0.03942809,0.206825137,0.367774147,-0.018622569,0.069841136,0.361820298,0.080262701,-0.301637647,0.397261879,0.141210192,-0.008375507,0.175160667,-0.120769383,0.112829308
ec382,-0.155363532,0.18290924,0.104687107,0.221325915,0.180401013,0.342036811,0.580109425,0.232572231,0.049547133,0.281600423,-0.10423025,0.288711736,-0.087242353,0.293787462,0.068880393,0.11280222,0.389485556,0.054996438,0.077329236,0.32743071,0.059312218,-0.03412226,0.40427215,0.248807434,0.087976761,0.159971995,-0.181558522,0.081222183
ec385,-0.308225485,0.224320198,0.13280605,0.250222866,0.147992838,0.311060463,0.543620192,0.148445305,0.056981368,0.258827257,-0.115555107,0.285598514,-0.124479479,0.294385501,0.038274033,0.082394786,0.287478572,0.04482773,0.074107101,0.272567505,0.043052486,0.008386817,0.370143342,0.118633573,0.028477174,0.159386278,-0.114576827,0.066883113
ec391,-0.136114809,0.228583124,0.212028661,0.266280692,0.16697227,0.34229933,0.575536278,0.200018436,0.112562321,0.274371689,0.024768974,0.257222098,-0.035201528,0.336988666,0.110428004,0.186352576,0.400788207,0.065243418,0.108400824,0.32887167,0.111304026,-0.093019534,0.425809203,0.23576722,0.060664221,0.203652059,-0.201111487,0.121232058
ec392,-0.244449444,0.169760871,0.004122332,0.187161716,0.200026887,0.266535798,0.569932194,0.153914906,0.114597008,0.195522801,-0.027809908,0.273952475,-0.132569634,0.28797665,-0.020568692,0.038667992,0.263745529,0.020918822,0.067857833,0.254947121,0.040285977,0.05873502,0.395559842,0.112705665,0.014101164,0.125689239,-0.183842842,0.055360333
ec393,-0.31938403,0.093350784,-0.015715107,0.21489482,0.169137526,0.280881521,0.558204393,0.16835779,0.028745671,0.154255454,-0.175881047,0.2531966,-0.193983759,0.331236669,-0.006958622,0.056250922,0.293868213,0.041650761,0.076822946,0.179727763,0.056032691,-0.141467127,0.368188855,0.119662375,-0.033323613,0.112429246,-0.162020878,-0.022337336
ec396,-0.289217985,0.172774922,0.040454142,0.244692634,0.126225615,0.271634549,0.537317327,0.153302805,0.096180307,0.196178254,-0.115385523,0.226368015,-0.142132163,0.371073623,0.020867925,0.098707524,0.301052769,0.007081606,0.076349768,0.238217459,0.039776978,-0.124526229,0.369672054,0.118585642,-0.005343878,0.147913269,-0.193907181,0.052859854
ec398,-0.140479235,0.357503536,0.330494781,0.292967238,0.169753306,0.347984847,0.561427294,0.213382133,0.057659395,0.3313978,-0.00614037,0.270774886,0.003297339,0.305788883,0.055787765,0.184631933,0.434878879,0.071904278,0.112975343,0.341476701,0.066751848,-0.164199701,0.372840201,0.181315649,0.061367646,0.209024542,-0.205410172,0.104951734
ec400,-0.28058668,0.219094511,0.125180332,0.226314264,0.146769274,0.271007571,0.519507454,0.179760571,0.064939725,0.234851815,-0.093242747,0.262465073,-0.132784893,0.308480184,-0.010815228,0.060839301,0.342605157,-0.01584699,0.114767925,0.270442152,0.045542742,-0.049389094,0.403673664,0.154337513,-0.008695754,0.130361441,-0.188061881,0.016035881
ec402,-0.240479278,0.200348092,0.159411239,0.246222183,0.172431746,0.306262815,0.540683992,0.165866977,0.058232202,0.255681145,-0.053175837,0.241337405,-0.067464187,0.300661764,0.050348666,0.134057985,0.361260811,0.074668459,0.077049671,0.308335568,0.033344573,-0.164056818,0.398154558,0.172701814,0.054273821,0.173040606,-0.184142625,0.050105185
ec403,-0.261550758,0.212300554,0.079691513,0.236897868,0.152421413,0.281792675,0.55924528,0.143614915,0.104899527,0.243475594,-0.030388797,0.280475701,-0.144808921,0.29278221,0.045522894,0.113390142,0.338985459,0.070893814,0.082620676,0.25679623,0.08745764,-0.077150136,0.392294294,0.165525419,0.054386782,0.175902802,-0.194348539,0.145888338
ec404,-0.284851585,0.132381678,-0.012972746,0.17308844,0.146925098,0.237537584,0.514031393,0.116876037,0.044217335,0.157426082,-0.093980845,0.283564498,-0.253857861,0.31468966,-0.035735779,0.077336251,0.262888061,-0.005959708,0.128489492,0.186611991,0.064901546,0.107447336,0.413440854,0.027056745,-0.007805198,0.094492511,-0.153444482,0.064808782
ec405,-0.168411932,0.11563603,0.08716976,0.196466159,0.205873844,0.255215243,0.454978715,0.170051945,-2.39E-06,0.193648738,-0.031058882,0.235316538,-0.131086778,0.242308311,0.016717382,0.167144419,0.225491883,0.02497127,0.090384745,0.340724863,0.069879627,-0.36009444,0.424875858,0.082617404,0.001703756,0.16608352,-0.228842697,0.116871038
ec224,-0.17688975,0.18528639,0.054672988,0.116554898,0.164746065,0.246708232,0.570229775,0.144487421,0.126569338,0.201255228,-0.179350587,0.283603159,-0.225308506,0.355756154,0.034474678,0.02655178,0.273439983,0.083629939,0.166841705,0.27018378,0.062871162,-0.053465706,0.401489651,0.06502555,0.048743646,0.139691546,-0.10967831,0.106904538
ec225,-0.212406696,0.323470749,0.158625938,0.237846477,0.136537535,0.264180678,0.565704995,0.14327184,0.119487794,0.234798849,-0.105770788,0.305745049,-0.138324368,0.285606368,0.076084648,0.077821785,0.327193054,0.123508812,0.184580638,0.277865517,0.095785499,-0.204056234,0.371606505,0.224059705,0.058299386,0.177238231,-0.159153101,0.058037153
ec226,-0.205280119,0.178428332,0.122465076,0.231188449,0.157173242,0.290267032,0.577702949,0.132123298,0.147447569,0.218538278,-0.136789486,0.311506567,-0.134763472,0.298551328,0.083248018,0.04778955,0.346765486,0.155994473,0.165299158,0.317853257,0.089104838,-0.186612079,0.408286445,0.202950503,0.057494423,0.165639804,-0.171526108,0.030443498
ec227,0.044498866,0.36950965,0.352819501,0.249601895,0.196815128,0.2901416,0.585329436,0.187001876,0.152954528,0.355203413,0.039144864,0.35622144,0.051458167,0.359310551,0.161517493,0.177189948,0.452784395,0.152959288,0.210073817,0.327821229,0.125159545,0.015115935,0.424024989,0.226699461,0.197657176,0.249394784,-0.088736877,0.154819511
ec251,-0.231536481,0.23642253,0.184078855,0.21078394,0.18581403,0.309213426,0.590901606,0.133211841,0.130459712,0.301008218,0.008280891,0.335209982,-0.052513528,0.29410645,0.050424426,0.05136107,0.357773571,0.100600851,0.132836798,0.264727666,0.080846554,0.017437294,0.385411155,0.200905605,0.098264057,0.173741237,-0.110012048,0.110084893
ec253,-0.092219259,0.334681638,0.22551492,0.247920961,0.195961465,0.271642446,0.565686737,0.124568003,0.087143308,0.254498681,-0.107999068,0.290873954,-0.065173194,0.23414509,0.088358241,0.1098651,0.333973537,0.14580518,0.185957348,0.29870544,0.07600376,-0.159403294,0.41435846,0.150530462,0.080830664,0.168008778,-0.147962458,0.114693507
ec256,-0.084320343,0.307591396,0.25662815,0.205802892,0.192461655,0.313123749,0.558729207,0.147898163,0.067806539,0.296133606,-0.061583386,0.302566584,-0.077702795,0.281086475,0.012895717,0.07517828,0.347846509,0.120132923,0.115620374,0.281479424,0.075795593,-0.05690346,0.347061612,0.079843609,0.035238468,0.177263098,-0.155774414,0.139497158
ec258,-0.133199827,0.359900301,0.241933539,0.258979583,0.182707901,0.300443743,0.553784361,0.175075716,0.088405943,0.236768947,0.004420963,0.318424422,-0.079977009,0.270673559,0.077307903,0.156542577,0.311587666,0.094978487,0.118547389,0.290897092,0.10723743,-0.190660817,0.371834074,0.215687584,0.074658249,0.171293614,-0.109504665,0.146326799
ec259,-0.162565785,0.197735977,0.186846441,0.238791074,0.185999212,0.301821298,0.49721881,0.131489836,0.104161837,0.226963418,-0.105143023,0.282212304,-0.103567341,0.201697804,0.021756527,0.158556126,0.288564632,0.048836955,0.109618414,0.326413246,0.079177956,-0.383133043,0.438063671,0.122274028,0.02176921,0.181425078,-0.208745333,0.054444331
ec260,-0.170180946,0.278621966,0.247360341,0.289856523,0.215116259,0.325105301,0.604591888,0.220470232,0.212260852,0.287941196,-0.032697594,0.375606102,-0.0516519,0.308731286,0.172009128,0.163324273,0.440520206,0.130047786,0.176880606,0.34358675,0.103275034,0.007787569,0.398965166,0.286032756,0.126496445,0.227314343,-0.108060498,0.087824369
ec261,-0.23584316,0.213081573,0.045661183,0.164056043,0.213849859,0.25718069,0.599467419,0.120423424,0.126518698,0.217293713,-0.130110289,0.346633436,-0.146095637,0.257374834,0.018812598,0.031731282,0.294696207,0.099251196,0.149799581,0.245884694,0.095515636,-0.02624654,0.407394773,0.117141154,0.074159344,0.133507464,-0.150535407,0.088930266
ec262,-0.118427431,0.39547688,0.276603921,0.280149656,0.184404119,0.321017593,0.561833104,0.160361089,0.164866448,0.299245267,-0.116905829,0.325633204,-0.007704483,0.319276335,0.117492161,0.081686067,0.393738991,0.077514237,0.142067794,0.287150372,0.098576292,-0.117921462,0.368673309,0.207758461,0.105625023,0.180960158,-0.143437043,0.14796637
ec264,-0.074007606,0.354405067,0.253328682,0.249404019,0.172765311,0.270008225,0.58576191,0.124800736,0.153293014,0.264924115,-0.107717434,0.31864594,-0.004408566,0.263961688,0.065865455,0.107123957,0.30918354,0.050340739,0.159289937,0.320190651,0.074214568,-0.207755554,0.388565684,0.162467895,0.037701396,0.176674831,-0.213278795,0.072889051
ec265,-0.129546076,0.360580263,0.248519832,0.256428069,0.156763498,0.264580868,0.615717389,0.13003094,0.215269245,0.281176741,-0.091881489,0.334760445,-0.055654498,0.353671792,0.111373364,0.121956728,0.370574839,0.118043166,0.143745883,0.290471994,0.125213685,-0.039033168,0.411038898,0.182154594,0.10645469,0.175146113,-0.158695767,0.117576695
ec266,-0.196330068,0.295971488,0.137574663,0.251126028,0.156130524,0.279359749,0.565679356,0.12490704,0.132217416,0.237732456,-0.100687208,0.380716472,-0.119161456,0.249134576,0.074262667,0.092892137,0.269945716,0.073915787,0.18448009,0.274725691,0.093000543,-0.113129029,0.412769202,0.170393534,0.052605216,0.161926462,-0.109415604,0.134214
ec269,-0.115018606,0.358596394,0.333767848,0.226269149,0.204480195,0.321513615,0.510787664,0.119850329,0.063878194,0.253164255,0.021004873,0.320860401,-0.063897074,0.238746994,0.072510729,0.163389829,0.284697868,0.138758069,0.14625351,0.344911799,0.077759677,-0.250223571,0.385354172,0.103738349,0.068376714,0.152749571,-0.162819575,0.144806204
ec273,-0.106049095,0.30018774,0.226224344,0.207986404,0.181730596,0.26202989,0.559957721,0.122181366,0.142777448,0.257381335,-0.110291997,0.292805954,-0.113163469,0.332939488,0.050945248,0.06086541,0.33636294,0.059326969,0.10166832,0.226542629,0.050824912,-0.050893747,0.348988217,0.053652512,0.055241667,0.160733845,-0.141591878,0.138149549
ec274,-0.097670318,0.299813291,0.171302619,0.229099857,0.201970494,0.270497485,0.561961219,0.112781105,0.120558268,0.272859643,-0.043736434,0.343404188,-0.088246653,0.309053913,0.100934921,0.086735527,0.341536798,0.106819558,0.152070492,0.252457458,0.050639416,-0.106185707,0.434653669,0.130611871,0.079331374,0.154492725,-0.094889207,0.079066356
ec275,-0.238782823,0.296344679,0.139015743,0.251361249,0.140227765,0.244703093,0.554809011,0.107022807,0.104411475,0.25178216,-0.081967041,0.323267754,-0.13958848,0.300973284,0.004288538,0.037904311,0.281409097,0.050234478,0.133676849,0.243414291,0.061428431,-0.130358156,0.375829568,0.101134133,0.0404888,0.135506222,-0.126166408,0.007373742
ec277,-0.017801261,0.390940248,0.32392884,0.275785373,0.146031408,0.355124964,0.572443495,0.12576481,0.179291993,0.284469814,-0.115279242,0.282192524,0.034726256,0.231711859,0.099610555,0.074666872,0.323575412,0.108381409,0.143773024,0.324249811,0.092258951,-0.348328502,0.373446313,0.18280353,0.074274277,0.226009374,-0.126125264,0.144156082
ec279,0.095861906,0.309177925,0.285388212,0.254772749,0.203199426,0.316050182,0.557425888,0.143441401,0.125250545,0.318143687,0.047535639,0.306442153,0.051926674,0.276109559,0.060540305,0.089701832,0.385181193,0.089060606,0.123681543,0.28907997,0.061981813,-0.069791939,0.352643874,0.128866839,0.128284432,0.208891721,-0.172769833,0.17218824
ec280,-0.171480085,0.254973717,0.281038951,0.257455679,0.194030146,0.382352159,0.576750081,0.174508783,0.150592799,0.355629514,-0.049811049,0.312453174,-0.028942772,0.241897501,0.146803845,0.121471001,0.442608745,0.164658727,0.185933395,0.293316264,0.093312881,-0.208423864,0.366757553,0.298156063,0.136408343,0.212488718,-0.213059172,0.17610706
ec281,-0.25502633,0.111704311,0.024911591,0.14729809,0.178186684,0.238576626,0.567150472,0.133133009,0.073103167,0.185876827,-0.194737451,0.292381536,-0.257538632,0.256404052,-0.05149293,-0.009854157,0.235238141,0.068227187,0.148469728,0.236746091,0.056731464,-0.124002054,0.330861432,0.023132884,0.035382868,0.092679296,-0.1037547,0.083872683
ec284,-0.151369336,0.277427852,0.122902947,0.213417875,0.16217245,0.251240855,0.585328534,0.130716936,0.113102653,0.255307567,-0.087894247,0.31954025,-0.128437994,0.249427229,0.041325813,0.061403777,0.340139818,0.083556066,0.137789808,0.28041706,0.059750694,-0.128035977,0.346423582,0.109371156,0.063751591,0.178372036,-0.175714824,0.124753916
ec285,-0.095335973,0.251729411,0.196363246,0.214501467,0.178037134,0.281261473,0.591301539,0.132659307,0.166668193,0.296164867,-0.078755172,0.341646287,-0.082953552,0.298271336,0.097904183,0.080491292,0.373980089,0.140485931,0.151984547,0.330301227,0.092430305,0.021161399,0.431697615,0.162487185,0.103880185,0.193729477,-0.133376691,0.074508143
ec287,-0.226544643,0.245500177,0.019712369,0.121239427,0.120561958,0.255563825,0.50677878,0.061961018,0.139014506,0.108202425,-0.219759459,0.277169081,-0.242146924,0.298221362,0.004536494,0.025070421,0.184663322,0.102640776,0.140090484,0.226508711,0.035779861,-0.285353196,0.389469775,-0.052754684,0.017539681,0.071749573,-0.185692331,0.072464219
ec288,-0.073544816,0.374012371,0.310250875,0.299687572,0.175052053,0.275917914,0.544502651,0.158690246,0.089815073,0.327365319,-0.145640692,0.336809729,-0.014433247,0.289909313,0.087370358,0.095877304,0.375769652,0.061782351,0.136704478,0.326161006,0.132931029,-0.098635747,0.432489715,0.180966024,0.1380576,0.167059927,-0.137698588,0.070203062
ec29,-0.179527756,0.264410104,0.042853201,0.171822544,0.149727772,0.225076209,0.555288737,0.147356314,0.099492134,0.214428651,-0.092994419,0.340495008,-0.207428552,0.307157257,0.016268455,0.014545462,0.280183997,-0.02287261,0.190702577,0.243256626,0.078897353,-0.004916332,0.391731523,0.097005825,0.052736812,0.104051551,-0.134625974,0.052594194
ec30,-0.257473879,0.270856532,0.127825866,0.189778272,0.170793468,0.240561851,0.485010839,0.138646502,0.001384405,0.26679422,-0.13930163,0.281744495,-0.029501296,0.19939353,0.031734199,0.109877216,0.31836768,0.003542413,0.11412302,0.325053792,0.092521201,-0.286114619,0.404706618,0.171402745,0.085488044,0.161414787,-0.130031392,0.043100333
ec68,-0.262685134,0.269594416,0.149017544,0.146473002,0.144618723,0.231196004,0.526119628,0.138901777,0.073781317,0.205547363,-0.195997662,0.263966531,-0.199921968,0.243083062,-0.029909946,0.053361539,0.242943254,0.098559721,0.133773627,0.276226289,0.07592021,-0.280604623,0.366204857,0.043876354,-0.008587922,0.141497885,-0.178629731,0.077283634
ec80,-0.298165745,0.202505566,-0.010855127,0.167747446,0.156088597,0.237985216,0.4995867,0.168558335,0.060232101,0.18495283,-0.212835242,0.266124851,-0.222842725,0.175272601,-0.026562589,0.067848401,0.268767602,0.083065236,0.102701366,0.2066809,0.081966221,-0.164001832,0.38055842,-0.00100868,0.052858046,0.108439258,-0.130191222,0.026932584
ec81,-0.240619691,0.160319583,0.024847282,0.144701881,0.168853528,0.250003379,0.426761334,0.091040173,0.036517878,0.168495637,-0.134830223,0.188658369,-0.113953987,0.14922002,0.014426908,0.198505936,0.225965877,0.050469145,0.111437306,0.240587793,0.073911041,-0.25409004,0.38783938,0.00898715,-0.024507017,0.102908955,-0.230824809,0.030839063
ec108,-0.26431489,0.242577825,0.052138924,0.161003706,0.134281063,0.312305296,0.452977054,0.06274596,0.186080453,0.090220116,-0.18445952,0.250422229,-0.22743027,0.30122411,-0.019344976,0.025655533,0.197496526,0.065806963,0.144189166,0.183626017,0.075821662,-0.317558649,0.297306073,-0.040972922,-0.023638037,0.08277065,-0.207562279,0.035002531
ec119,-0.096731866,0.269875444,0.280356836,0.254614612,0.167364024,0.284990686,0.459465853,0.192550766,0.080254898,0.305872279,-0.049879742,0.281535052,0.078097322,0.199522376,0.038405686,0.20843345,0.367028803,0.164732223,0.104170667,0.354335646,0.082532722,-0.302780075,0.390547582,0.210419758,0.119025234,0.210324549,-0.13064082,0.107317778
ec120,-0.222024856,0.25216082,0.205659992,0.284578119,0.191683259,0.289666968,0.531738659,0.17437418,0.072864444,0.309556458,-0.146026054,0.285382485,-0.092979444,0.265017205,0.049202738,-0.003844591,0.302451461,0.103162776,0.120770991,0.236792101,0.060228433,-0.10311653,0.379765943,0.036724482,0.057364593,0.183483084,-0.115796376,0.127981321
ec122,-0.275551506,0.357494401,0.250337043,0.224273008,0.209774191,0.284387867,0.519141283,0.183041936,0.064051694,0.213671717,-0.136513203,0.276492992,-0.139445655,0.284140718,-0.023057673,0.05853133,0.315360332,0.093520061,0.126380257,0.183823884,0.062988431,-0.091893475,0.314459441,0.054920983,0.01226625,0.132051112,-0.150949824,0.124258642
ec131,-0.198363183,0.229509721,0.235682801,0.301782703,0.210303996,0.318656041,0.533151358,0.129026241,0.045783309,0.289262256,-0.19735938,0.303889575,-0.044480096,0.180987552,0.008486258,0.023007976,0.276268956,0.091180608,0.114888708,0.290332625,0.111536019,-0.283315794,0.340639025,0.087463449,0.046207282,0.172771278,-0.131294081,0.086387595
ec132,0.036396786,0.359729866,0.370112854,0.290902809,0.206719385,0.341729593,0.577359762,0.1471809,0.173557477,0.398256472,0.010911537,0.33438597,0.051248772,0.299361376,0.154735307,0.207965639,0.456012576,0.143603638,0.193138907,0.377198191,0.120627318,-0.031488022,0.44547107,0.261507385,0.184445132,0.228180217,-0.136881853,0.154685652
ec134,-0.251114257,0.01074232,0.032174642,0.182167272,0.214183417,0.21693704,0.49457303,0.128374663,-0.041186902,0.240760843,-0.154422447,0.172288902,-0.096458906,0.257452974,-0.01748459,0.109801101,0.269901009,0.118261797,0.101990629,0.310036975,0.031908358,-0.29874309,0.41367259,0.05281033,0.027198631,0.1506827,-0.198199257,-0.028937404
ec135,-0.24481006,0.265303975,0.060253491,0.162282268,0.174353107,0.259602599,0.527206104,0.065304626,0.04974646,0.200643974,-0.135240197,0.224304781,-0.153426354,0.285426356,-0.030407084,0.128011828,0.233776155,0.067112906,0.129523613,0.211120133,0.084064279,-0.14900577,0.412058589,-0.032993974,-0.013151786,0.122317258,-0.199518861,0.078578974
ec142,-0.299867707,0.158360844,-0.027336108,0.171397247,0.198109333,0.247285852,0.511509539,0.071435642,0.028581237,0.165982775,-0.134508524,0.287166356,-0.211323353,0.334889319,-0.016892615,-0.009033707,0.145363053,0.096917654,0.143597136,0.251078845,0.059166189,-0.34142784,0.388149807,-0.022840472,-0.007390093,0.076900376,-0.171084176,0.040193842
ec148,-0.251475073,0.1706117,0.008241074,0.128957973,0.160785277,0.234700417,0.501707292,0.129699254,0.046591228,0.188410639,-0.139209925,0.214258943,-0.10772365,0.182670054,0.079658877,0.10349807,0.252834536,0.194840728,0.112420692,0.259123614,0.0888983,-0.288374648,0.454179897,0.08812055,0.061446498,0.10210943,-0.193509478,0.047843949
ec136,-0.293740419,0.22078349,0.149292779,0.208155815,0.207918223,0.259532947,0.53882808,0.073690022,0.0617653,0.246550238,-0.138720815,0.296632669,-0.151265565,0.180265333,-0.015412831,0.071610393,0.258887448,0.028419169,0.148005565,0.313496669,0.095832304,-0.208928876,0.424039037,0.108078069,0.035991492,0.14270683,-0.163527091,0.043234829
ec146,-0.300502997,0.263382407,0.011912527,0.193656988,0.197941058,0.23724577,0.541656079,0.116737429,0.109180519,0.233966674,-0.127179654,0.331640405,-0.156978207,0.222438046,-0.025573896,0.018532544,0.29053069,0.092797371,0.101220653,0.27167949,0.082148682,-0.05530496,0.408095351,0.092766089,0.038362105,0.095393002,-0.13647986,0.084915503
ec205,-0.104276963,0.315600311,0.240671873,0.225336947,0.210713252,0.292680673,0.55677555,0.130068619,0.137748121,0.304187771,-0.018969628,0.332466125,0.001168922,0.250090477,0.098286002,0.158943165,0.40569868,0.100521097,0.177281609,0.353210487,0.12315635,-0.060385596,0.423203529,0.243908571,0.139063919,0.200620849,-0.139779333,0.107806807
ec206,-0.149747839,0.235313679,0.169895201,0.254479168,0.143929718,0.256341452,0.570106835,0.124105276,0.087395048,0.284943874,-0.065250949,0.339334949,-0.094627229,0.285862504,0.047336906,0.130866664,0.369578686,0.074238149,0.176569879,0.288493103,0.124146753,-0.010096777,0.444987712,0.169528302,0.075273141,0.178848628,-0.096607033,0.052995008
ec207,-0.248154115,0.278069219,0.162256118,0.197760205,0.210006414,0.277991713,0.545530992,0.106686402,0.14381734,0.260967492,-0.055786996,0.36799634,-0.140416562,0.248791184,0.046935103,0.072469406,0.336609449,0.095438078,0.161168691,0.323077032,0.129401099,-0.081703183,0.354398728,0.178191454,0.053538587,0.188228438,-0.130906258,0.102447193
ec208,-0.247725401,0.20363711,0.127643253,0.211421074,0.216938837,0.277519191,0.558642181,0.102257128,0.083314488,0.264006861,-0.122455146,0.369615511,-0.127933296,0.27006049,0.072010861,0.135505965,0.363053044,0.125093871,0.156808572,0.348791495,0.111286087,-0.135586216,0.378428701,0.178304293,0.042007389,0.173094163,-0.142094286,0.06437228
ec210,-0.223414776,0.248997935,0.215729607,0.217354165,0.218225576,0.277946914,0.509068089,0.172405281,0.129746507,0.298953265,-0.137378025,0.323717004,-0.036630883,0.259128766,0.019300434,0.03538557,0.35424686,0.096667371,0.119500596,0.279294752,0.121206715,-0.096398958,0.355553058,0.159367159,0.069243889,0.171314597,-0.137514029,0.095326791
ec211,-0.177756417,0.206081582,0.134912233,0.159952338,0.192748006,0.315735771,0.482990239,0.170731319,0.151919589,0.131254953,-0.19050398,0.298133234,-0.222463743,0.133623055,0.019961445,0.086657283,0.277269498,0.122634836,0.125600582,0.326798822,0.057026301,-0.200900652,0.333531532,0.125418289,0.005834365,0.129309179,-0.140565252,0.114431569
ec212,-0.156151399,0.304478802,0.37538859,0.282719983,0.237318283,0.363862962,0.572859553,0.21113449,0.207417325,0.349177568,-0.013430663,0.399733971,-0.032783929,0.219317859,0.1762105,0.209724454,0.467638064,0.150861535,0.171282172,0.348025175,0.129899667,-0.104583734,0.381541622,0.344098571,0.132021351,0.253210192,-0.136293729,0.154771844
ec214,-0.112887763,0.302330972,0.417771606,0.280838884,0.180022178,0.365522866,0.546483179,0.171503123,0.129667756,0.376471295,-0.040852728,0.352112386,0.052286367,0.237435421,0.112194382,0.198411357,0.445072761,0.153738107,0.15585892,0.342609538,0.131274925,-0.18387509,0.366869105,0.319684123,0.149722762,0.251193301,-0.173677728,0.116046268
ec215,-0.211149291,0.290295148,0.22340778,0.283504225,0.18957021,0.280599361,0.569404203,0.190979247,0.124712008,0.228641544,-0.028074454,0.309395546,-0.126397645,0.294704692,0.083364593,0.056479136,0.340250578,0.104566785,0.172392325,0.278468278,0.07836135,-0.225851483,0.427844592,0.140595783,0.04070712,0.164655703,-0.157580341,0.061480961
ec216,-0.182595673,0.284633552,0.170995564,0.207715799,0.172669016,0.294427512,0.579158485,0.190095089,0.151704214,0.27715798,-0.094472589,0.396823501,-0.140003643,0.299173494,0.084747408,0.074103121,0.346998693,0.098122813,0.130533181,0.255665469,0.124852015,-0.015348118,0.410046585,0.205760326,0.083873372,0.15876322,-0.117011589,0.090505164
ec218,-0.211199265,0.341473709,0.280385162,0.254429637,0.207070636,0.289570376,0.55905566,0.144766871,0.09541403,0.297709755,-0.104053426,0.3665968,-0.070225077,0.310292452,0.067975022,0.093499049,0.340990738,0.153371277,0.183620622,0.333873983,0.121898876,-0.265201553,0.377149685,0.209972058,0.090997388,0.158238682,-0.147463297,0.106693193
ec219,0.00504394,0.376796651,0.348814836,0.277457785,0.208640885,0.317031785,0.549065081,0.150354123,0.205649341,0.339562142,0.010222375,0.372390126,0.058275923,0.251236578,0.149376304,0.213057188,0.432598828,0.170600151,0.188519182,0.358145636,0.122968501,-0.034204267,0.463631932,0.29894415,0.149326499,0.221676961,-0.124328594,0.131197832
ec220,-0.197647821,0.209480191,0.122101384,0.175422123,0.16494118,0.252656751,0.564664119,0.100505866,0.102045505,0.254311176,-0.118869053,0.36272956,-0.152137683,0.288304938,0.000163384,0.058879264,0.338953903,0.10533669,0.164149835,0.290770679,0.053506962,0.039994149,0.412978981,0.117445857,0.041314171,0.122531329,-0.125924234,0.060743021
ec221,-0.256761525,0.263413455,0.19181643,0.263643196,0.187147678,0.236378605,0.528341211,0.162354474,0.116665428,0.255531872,0.018524447,0.331739085,-0.144170215,0.309368435,0.047265618,0.039810211,0.281530464,0.019548385,0.112779625,0.199616749,0.062499956,-0.04159249,0.396566208,0.082752895,0.050703252,0.095374596,-0.085275,0.108755047
ec222,-0.223302953,0.286596685,0.176450576,0.233891085,0.148863635,0.303338525,0.588147585,0.150653503,0.154835952,0.231966252,-0.142964482,0.374920967,-0.121486446,0.255706855,0.061457049,0.051578388,0.334798042,0.164553155,0.137133128,0.279016468,0.086388546,-0.154328733,0.43502803,0.18100119,0.072143295,0.160993081,-0.108806943,0.119800117
ec223,-0.024892995,0.267090858,0.283293968,0.263523683,0.153568853,0.353617413,0.57816938,0.133849596,0.158171645,0.28159965,-0.075082974,0.355351391,0.004919295,0.26233706,0.109497332,0.186201951,0.422033481,0.177969096,0.184914772,0.382605469,0.133260854,-0.175876633,0.409445568,0.241372249,0.092998031,0.20260382,-0.175930705,0.074163041
ec236,0.02350601,0.257825595,0.418540535,0.27252605,0.159868105,0.390832523,0.535981697,0.149569071,0.071300175,0.372023831,-0.00724037,0.317643516,0.077428793,0.262061006,0.064171012,0.136308973,0.440454697,0.112257128,0.189106348,0.295357157,0.120585799,-0.070209055,0.363718745,0.184079404,0.156793667,0.224202809,-0.149067759,0.102563311
ec239,-0.209306065,0.2677256,0.163289776,0.241826455,0.146431161,0.290567257,0.556785921,0.126617042,0.153419632,0.260943991,-0.062440212,0.296460614,-0.124199061,0.308099646,0.045500102,0.048317503,0.35049488,0.028962412,0.150353303,0.221198283,0.091673036,-0.054819336,0.393224731,0.170211866,0.073350503,0.13424844,-0.157987114,0.163087109
ec241,-0.008384113,0.336653668,0.260191327,0.242873035,0.162312519,0.319935435,0.572414136,0.159536603,0.150063591,0.306257393,0.017534725,0.35704495,0.008310816,0.296721465,0.109509225,0.158943131,0.41767925,0.059780349,0.195406916,0.264597868,0.086437267,0.019119145,0.449658067,0.210655149,0.125001186,0.211821762,-0.119653114,0.144018409
ec243,-0.134702304,0.324716043,0.229761431,0.240694152,0.166858848,0.330412789,0.518467297,0.144723798,0.067706921,0.33080104,-0.101711524,0.340097567,-0.087785226,0.239222121,0.018718401,0.059817385,0.354962736,0.081198459,0.168427152,0.250262045,0.08079206,-0.118329754,0.350240095,0.161066072,0.079910774,0.185778167,-0.116503096,0.160768497
ec245,-0.000787882,0.254946738,0.306041036,0.246449943,0.185348277,0.335499807,0.608017672,0.204157092,0.106385224,0.32428459,-0.02443521,0.353503221,0.011933924,0.256058102,0.141890815,0.188211673,0.439022935,0.166495634,0.209575429,0.310353946,0.081590275,-0.01310118,0.429106015,0.28475474,0.138294637,0.200957311,-0.155293989,0.067634892
ec246,-0.071468484,0.275760902,0.438936954,0.260001739,0.176702827,0.335954024,0.574978426,0.13412717,0.11596217,0.3779776,-0.027101553,0.325046491,0.007178773,0.242995133,0.108971641,0.139847373,0.441776426,0.135132134,0.162156398,0.313741128,0.121370532,-0.155227574,0.371047639,0.236902673,0.136730893,0.241706902,-0.139519467,0.103231535
ec247,-0.116441882,0.294149423,0.29421026,0.329858451,0.207843479,0.295688575,0.564312995,0.096138907,0.095338823,0.361247887,-0.072653241,0.305615466,-0.040168184,0.212009194,0.003705999,0.069224325,0.350233419,0.088149559,0.087629363,0.245844717,0.085887808,-0.063531569,0.324225892,0.160981275,0.122467174,0.156755445,-0.094913921,0.131988593
ec249,-0.127689138,0.231551006,0.182682924,0.223959288,0.196703452,0.256525059,0.546442308,0.132234391,0.072646186,0.292081007,-0.109515789,0.284033819,-0.056671477,0.270663856,0.026025378,0.0527415,0.34611796,0.124496892,0.114918165,0.218327176,0.106253645,-0.121785471,0.369754784,0.126855146,0.079326503,0.167378908,-0.127965552,0.14635097
ec228,0.195599047,0.418708368,0.398850907,0.247455389,0.137666582,0.299848495,0.516290743,0.129028467,0.135452189,0.354951713,-0.011491626,0.339108788,0.155459862,0.275986191,0.129040461,0.15994284,0.437186608,0.163258077,0.185757191,0.363815529,0.118949761,-0.283885344,0.441744006,0.241570828,0.155208754,0.268781036,-0.165142395,0.121276137
ec229,-0.196989356,0.191827326,0.111217033,0.238951526,0.16234856,0.265119771,0.565056368,0.134424738,0.111664831,0.272120591,-0.112969846,0.357825345,-0.110562896,0.290776797,0.079975673,0.0519784,0.334442735,0.075530742,0.160396466,0.265411118,0.104400759,-0.071586089,0.418042501,0.231963779,0.080211359,0.176967331,-0.165978807,0.064252174
ec231,-0.192167109,0.310944259,0.169589369,0.212473175,0.163114699,0.270443387,0.560469992,0.172712082,0.105092653,0.273861068,-0.084286313,0.31898365,-0.110333883,0.253282709,0.033945845,0.072871679,0.318323031,0.052461718,0.154311845,0.297337076,0.082767602,-0.088094689,0.399809777,0.0992787,0.073174371,0.155247623,-0.161385672,0.089298419
ec234,-0.001939978,0.284083427,0.192596245,0.214681428,0.177444889,0.268719572,0.544910042,0.131437137,0.108912178,0.278776785,-0.130577134,0.289781913,-0.019108325,0.283874028,0.096498961,0.071644831,0.34239662,0.093777086,0.17040577,0.297199222,0.04529901,-0.117999102,0.377667066,0.080059936,0.087438882,0.157407278,-0.173472584,0.053335093
ec102,-0.246773665,0.187839902,0.121634608,0.199389119,0.193159488,0.329624085,0.538287264,0.205101737,0.151258765,0.267582115,-0.115161262,0.315122009,-0.088084481,0.250602296,0.085508725,0.08748699,0.370293369,0.088116598,0.15005905,0.31742088,0.063565129,-0.25213921,0.37694852,0.190979043,0.132675559,0.178604776,-0.180947357,0.165190186
ec112,-0.213064394,0.208698382,0.051620009,0.20853742,0.111131759,0.322388321,0.451829166,0.118287295,0.067601312,0.128987176,-0.096492372,0.267815173,-0.105819731,0.171010607,-0.007721261,0.069012462,0.292845448,0.050312988,0.069292375,0.190505969,0.053486291,-0.318136466,0.326222655,0.006075547,0.061456031,0.093029068,-0.179911517,0.095265723
ec117,-0.292027776,0.289996715,0.198468336,0.230321964,0.155488369,0.347434576,0.555478675,0.104722654,0.063058821,0.244303802,-0.056143984,0.297945487,-0.077324271,0.224287493,0.023761784,0.082123225,0.303397938,0.104738738,0.122340694,0.314113327,0.085738731,-0.212037895,0.366595567,0.077419879,0.043988614,0.163864336,-0.16120794,0.123063443
ec129,-0.335695331,0.19076326,0.11275126,0.117036718,0.214700651,0.251358308,0.490468514,0.105994077,0.074048262,0.16169781,-0.142794946,0.266923106,-0.189727677,0.188925701,-0.044303562,-0.006507386,0.255902506,0.139171806,0.143079154,0.179289469,0.076602343,-0.168854145,0.315441793,-0.003187513,0.036976458,0.109217808,-0.09742816,0.090681737
ec201,-0.287167329,0.218246718,0.066165695,0.189994388,0.149428562,0.246968591,0.554495768,0.137653584,0.095163021,0.23854847,-0.083884537,0.321430622,-0.124779349,0.304653268,0.059067667,0.054109476,0.314815721,0.091916278,0.121040681,0.272769718,0.08906516,-0.133151853,0.415217901,0.127080262,0.032070278,0.14263267,-0.176402381,0.049532236
ec217,-0.256388061,0.084225981,0.090063489,0.214603711,0.164874967,0.275374209,0.539304592,0.161657032,0.047887067,0.199094688,-0.209215085,0.32106058,-0.166522356,0.269467185,0.02208728,0.070260816,0.348551408,0.093435354,0.135917553,0.292847003,0.071207246,-0.226529664,0.40742142,0.111438958,0.031882604,0.124276742,-0.206270676,0.093874893
ec268,-0.25705154,0.228453406,0.093632318,0.143989433,0.186088194,0.244011286,0.552748524,0.129620166,0.115747477,0.19342316,-0.187543565,0.279001206,-0.206814018,0.312758055,0.02636257,0.018231352,0.201192268,0.048226672,0.144847565,0.20519044,0.04356246,-0.19844634,0.360775745,0.001243776,0.012702171,0.132564953,-0.173040141,0.054111431
ec290,-0.160674437,0.206415157,0.152587376,0.246839576,0.208738634,0.288063342,0.575455281,0.169305434,0.114615492,0.243320401,-0.153492705,0.31182579,-0.086261965,0.25887942,0.067886262,0.126698844,0.387907262,0.107895269,0.1335919,0.27265417,0.099926694,-0.130885238,0.420955686,0.190661175,0.054074495,0.159254836,-0.139063226,0.09321944
ec297,0.024741089,0.377077111,0.311479908,0.263229453,0.19115323,0.263763376,0.561996431,0.231227961,0.147960181,0.32514275,0.062450214,0.347294197,0.052385815,0.327360618,0.094979113,0.195624169,0.471019715,0.114314971,0.168870569,0.32685678,0.145772262,-0.033529483,0.434747169,0.240630721,0.138648919,0.217417968,-0.162880053,0.078899815
ec9,-0.2285567,0.286260387,0.024867082,0.211357366,0.190561044,0.225730543,0.485483627,0.135219444,0.033801558,0.209544877,-0.156745804,0.253848794,-0.161165711,0.277526093,0.003125766,0.034790584,0.244575648,0.008251818,0.136530064,0.171565879,0.019337775,-0.231228111,0.346049397,0.019749163,0.063863015,0.075044245,-0.187720904,0.066991208
ec10,-0.204775009,0.271901096,0.122540683,0.244270921,0.183612095,0.252372719,0.50708097,0.11651616,0.029526067,0.265152044,-0.150835231,0.244843335,-0.126401832,0.265781964,-0.007263492,0.07871717,0.291697029,0.006240101,0.168211453,0.251764019,0.066910143,-0.147909232,0.316222388,0.045923134,-0.001021648,0.123101053,-0.196990772,0.070704337
ec11,0.016558845,0.214707381,0.218435809,0.247088296,0.144848298,0.293242916,0.478255234,0.21844281,0.030365463,0.368370515,-0.145572751,0.228628531,0.067683351,0.353137202,0.020230035,0.170717887,0.367467364,0.025960126,0.215533157,0.212265149,0.029009517,-0.17389639,0.377783746,0.064311029,0.081076458,0.127581177,-0.192465623,-0.035877776
ec12,-0.255913231,0.163533868,-0.002195799,0.198901414,0.191438257,0.279420122,0.47009346,0.156184227,0.034716803,0.226815162,-0.074121953,0.281596002,-0.181614496,0.25107418,-0.0143609,0.073510719,0.2768704,-0.018646854,0.155683577,0.224727809,0.061481212,0.006482282,0.379195793,0.083978887,0.044648594,0.095973045,-0.148124872,0.009982841
ec13,-0.015272575,0.294631943,0.205361028,0.194614194,0.161859188,0.266314553,0.470117073,0.157211973,0.025849575,0.291428961,-0.132075731,0.207601722,0.011430846,0.24404809,0.018738446,0.139238546,0.29979856,0.0642128,0.14328248,0.232718427,0.089452409,-0.128911085,0.415566099,0.038190685,0.055978766,0.178026227,-0.17168771,0.019181799
ec23,-0.273153497,0.133184116,-0.036338552,0.118365193,0.17239557,0.258509859,0.478447786,0.170853261,0.050476535,0.195711797,-0.191947578,0.245444775,-0.092008133,0.292176989,-0.037452526,0.086017524,0.262588479,-0.039763069,0.186356341,0.180209821,0.112774249,-0.042080928,0.351422902,0.09061228,-0.032020241,0.092320022,-0.21089876,-0.010774441
ec25,-0.1530169,0.238073257,0.206993283,0.220185641,0.160324629,0.28144033,0.534349935,0.226740063,0.095844142,0.298595961,-0.118032864,0.246751604,-0.002505673,0.259789888,0.045946871,0.198218591,0.405375081,0.177081165,0.178704581,0.36599613,0.100257252,-0.196063648,0.419514476,0.217386098,0.076083103,0.189086897,-0.215835692,0.100288554
ec26,-0.231554206,0.24631579,0.179206692,0.246150331,0.201010457,0.265425258,0.532933282,0.212862887,0.072827979,0.283929854,-0.150810582,0.246609794,-0.052968694,0.22686616,0.053024284,0.150436421,0.274129474,0.049182207,0.146464784,0.333971628,0.097304478,-0.29874179,0.392511541,0.067120424,0.055532334,0.158859371,-0.186980414,0.094049889
ec27,-0.249650429,0.112209707,0.03447083,0.176519389,0.130946163,0.209273292,0.477770933,0.213586167,0.037438093,0.216417339,-0.13288122,0.270077705,-0.193669529,0.260929937,-0.023706755,0.091257211,0.271824053,-0.068024625,0.131662359,0.176825335,0.071571332,-0.033410606,0.386781416,0.064386656,0.02856643,0.076871114,-0.154426849,-0.008105879
ec28,-0.28657772,0.228100033,0.040398361,0.16628503,0.138060641,0.245694612,0.438772237,0.178172593,0.025487654,0.159003305,-0.228654288,0.276777577,-0.19387137,0.230267724,-0.0288887,0.072296823,0.224992231,0.005228951,0.139112234,0.202220554,0.075571316,-0.30296758,0.34305891,0.019314661,-0.022423394,0.093087341,-0.183137087,0.024891494
ec31,-0.068381321,0.394598032,0.333599252,0.299769879,0.182399522,0.312208742,0.524954178,0.21404614,0.100259842,0.372588369,-0.096951201,0.322747284,0.032387353,0.287010658,0.089444043,0.156089176,0.417495083,0.08129843,0.168325341,0.328607118,0.108231678,-0.133545008,0.410183566,0.234199373,0.139102172,0.218862918,-0.15855148,0.103790055
ec32,-0.206099226,0.236112383,0.105184566,0.182198907,0.18654635,0.235444493,0.4083005,0.175374726,0.015169119,0.265937277,-0.201031173,0.197949632,-0.071511698,0.208984787,0.033517471,0.145300334,0.300283085,0.022237057,0.174855672,0.252398347,0.086183191,-0.212834438,0.376990389,0.082715977,0.04344731,0.130948049,-0.193280259,0.032304452
ec36,-0.305294839,0.125006333,-0.024463014,0.14166251,0.18411231,0.260438658,0.478534548,0.122118234,0.044252634,0.177418689,-0.230895203,0.24952473,-0.226565608,0.241453933,-0.039332228,0.082774396,0.239790556,-0.01401518,0.160960577,0.132215126,0.039890897,-0.181644366,0.323374158,0.035337353,0.02074399,0.068327088,-0.163634324,-0.007739114
ec42,-0.288174117,0.205799666,0.131148148,0.246809571,0.212185213,0.236291116,0.544693501,0.297375864,0.181331631,0.260847176,-0.095211078,0.325775746,-0.111872949,0.174602995,0.151295447,0.117874184,0.419292841,0.058057861,0.175091632,0.31162009,0.106170486,-0.197483149,0.432635743,0.261245104,0.118365905,0.135761148,-0.192093383,0.120046427
ec45,-0.283839697,0.034080517,-0.026882277,0.149671273,0.195142889,0.300784702,0.531114199,0.094856491,0.068720895,0.071958224,-0.235403693,0.234807014,-0.285905383,0.185327046,-0.02349822,0.013075737,0.146276773,0.141598452,0.18793094,0.224784472,0.050746844,-0.295015213,0.353241504,0.03883278,-0.002160573,0.097983423,-0.162401021,0.138409943
ec46,-0.216535889,0.127361995,-0.049797423,0.067802703,0.139692376,0.248140874,0.486019528,0.156906433,0.049204079,0.148998833,-0.165937938,0.248166009,-0.275197208,0.258513388,-0.009288388,0.129674186,0.205598382,0.041386852,0.155613554,0.231204561,0.029185556,-0.236715098,0.373447475,-0.002059173,0.008341101,0.09155818,-0.25735025,0.057061603
ec49,-0.155377027,0.24722103,0.22376532,0.232243932,0.192554236,0.269157369,0.404682871,0.180230045,0.040417948,0.274379757,-0.089364917,0.282860809,0.002122173,0.270386844,0.003354859,0.11865289,0.357739671,0.053240081,0.114862974,0.29010415,0.071331276,-0.263760902,0.351854177,0.091379644,0.051885731,0.13959925,-0.180147451,0.132581457
ec51,-0.213345481,0.201632406,0.203071592,0.23694334,0.168220198,0.307632592,0.462631862,0.061701641,0.028004141,0.264068192,-0.179966978,0.268302582,-0.079614336,0.252218265,-0.009910225,0.041675009,0.327249723,0.080665716,0.107617211,0.26840703,0.085628237,-0.322731834,0.372785939,0.059068395,0.086135849,0.160040805,-0.201068897,0.105566782
ec52,-0.273789078,0.154431878,0.083749549,0.241712782,0.189523985,0.296245955,0.487776304,0.160752498,0.041453508,0.285108084,-0.165572756,0.270841271,-0.102619918,0.265877538,0.022523379,0.035670208,0.353963739,0.041736954,0.109833957,0.257294994,0.086216953,-0.171554654,0.376724308,0.146368671,0.054554328,0.117377797,-0.170584918,0.081506832
ec60,-0.200430491,0.289578933,0.229483829,0.237826882,0.208771043,0.309979326,0.426074147,0.159791257,0.007225344,0.298161694,-0.165092324,0.218768717,0.049718781,0.150642937,0.032417375,0.089440731,0.36263027,0.071351004,0.076774401,0.22747349,0.137940542,-0.296687166,0.332746237,0.169989324,0.066849967,0.19873238,-0.167915013,0.106493695
ec61,-0.277215733,0.181173962,0.02603514,0.100005117,0.183204473,0.243665807,0.492908418,0.185117053,0.074934801,0.152795781,-0.225673865,0.211658562,-0.260690668,0.271131768,-0.001284902,0.107197572,0.199153059,0.084704822,0.102054706,0.223508334,0.037614576,-0.244696713,0.389169386,-0.047826748,0.011290471,0.066389046,-0.218609727,0.039067274
ec71,-0.178684428,0.240132984,0.041765629,0.209286519,0.16056492,0.301293366,0.521285791,0.157414894,0.038976217,0.245497549,-0.160001826,0.242218272,-0.155696325,0.252227995,-0.022468156,0.104798307,0.28393563,0.098889612,0.174276875,0.289799765,0.128960021,-0.23570592,0.418337803,0.156806613,0.042885968,0.125356043,-0.232003063,0.038834295
ec73,-0.27382022,0.291387282,0.314973008,0.26441902,0.229245944,0.318120078,0.534048704,0.129193008,-0.009052503,0.324905684,-0.169576159,0.313358787,-0.011782788,0.211234561,0.024330448,0.081080267,0.358943357,0.002225053,0.120411151,0.364578172,0.04967816,-0.231105727,0.445098931,0.144856705,0.061618627,0.166544788,-0.182470282,0.100096247
ec74,-0.300469798,0.133479717,-0.077365474,0.166407885,0.158669834,0.220304229,0.485889422,0.164018683,0.085078036,0.129395126,-0.178355897,0.200298698,-0.19553102,0.277803999,0.02686924,0.084310909,0.208234399,-0.003527852,0.097877136,0.233409892,0.095815036,-0.302755938,0.359695321,0.056557109,-0.039001865,0.100383053,-0.157052898,0.048418713
ec76,-0.323815374,0.139329689,-0.026585242,0.187605154,0.17405228,0.2206195,0.490477982,0.134847327,0.061019965,0.123175321,-0.273820092,0.196035723,-0.215319024,0.275245972,-0.007344287,0.067404057,0.173257633,0.048991027,0.120969563,0.209924862,0.052047855,-0.338646577,0.361544146,0.011866435,-0.012744425,0.110489083,-0.25185123,-0.04704354
ec77,-0.21724851,0.190109006,0.001013328,0.148826298,0.175447603,0.222142677,0.517951661,0.12203504,0.079754908,0.191961232,-0.241338213,0.27723762,-0.216908872,0.248992304,0.008006222,0.048196737,0.243823548,0.036432917,0.118185437,0.257880102,0.070087319,-0.094686614,0.412240782,0.042363893,0.009660077,0.10997362,-0.17020134,0.018696651
ec79,-0.300915902,0.129866831,0.025777112,0.159274418,0.187124707,0.236131683,0.472453612,0.154401321,0.066539865,0.195191485,-0.245878431,0.220476085,-0.194671423,0.277523563,0.044716666,0.027374997,0.169144229,0.003382974,0.11140564,0.219503069,0.066393519,-0.219947088,0.361514503,0.036814469,-0.032458613,0.077024113,-0.265855606,0.086202645
ec87,-0.265175775,0.262688801,0.187756971,0.267937767,0.199450634,0.273875054,0.531235878,0.153033465,0.008287978,0.299747788,-0.173833499,0.311385342,-0.05460292,0.301776606,0.020209049,0.109423758,0.356856543,0.083499987,0.117542055,0.328933447,0.10666216,-0.177124656,0.369537344,0.120035618,0.089582866,0.153785898,-0.163913436,0.030943282
ec91,-0.218727803,0.105809849,-0.049533367,0.215190125,0.158818577,0.265599712,0.482135201,0.180846571,-0.00468494,0.173733322,-0.147781171,0.28530343,-0.173533201,0.231415913,0.017051035,0.120187399,0.30704107,0.020883637,0.157056156,0.233938543,0.08610787,-0.117465858,0.396429124,0.061264661,0.026809042,0.127065956,-0.194663653,0.0277316
ec92,-0.026525627,0.262774911,0.256639898,0.241004546,0.172712835,0.314410512,0.535468687,0.16119751,0.035432327,0.295142528,-0.131883983,0.271681852,0.014735163,0.250571967,0.02450177,0.11476992,0.349974437,0.081474269,0.179021926,0.27779692,0.069455344,-0.180155756,0.359763597,0.095287368,0.065530361,0.180000625,-0.220753765,0.009050847
ec94,-0.133238239,0.358437645,0.346401127,0.282652238,0.185755724,0.317812289,0.522946791,0.193805971,0.138551977,0.346252134,-0.070195234,0.336732658,-0.016094307,0.258409999,0.107325142,0.143310697,0.427484234,0.095242422,0.18090021,0.362098666,0.11397964,-0.343109475,0.404403151,0.272127961,0.131388076,0.249067974,-0.191869581,0.121562396
ec4,-0.157257976,0.180477759,0.1863986,0.229593867,0.186758794,0.244440367,0.543433716,0.157460168,0.0297413,0.303942695,-0.132080543,0.296023624,-0.108105576,0.34767244,0.022663534,0.025695636,0.298174061,-0.023385982,0.173804627,0.31715402,0.049036251,-0.096857119,0.413430783,0.06066677,0.09846634,0.159239193,-0.127910088,0.04557169
ec6,-0.197803512,0.383530808,0.337332026,0.242990543,0.232992395,0.321811981,0.49839463,0.118005483,0.103033752,0.281605847,-0.198615003,0.259563883,-0.044538075,0.240643138,-0.000656004,0.018195782,0.296356997,0.072084438,0.146561061,0.289078463,0.113964211,-0.333669915,0.429633727,0.072534728,0.046349316,0.244004002,-0.158643086,0.12420239
ec7,-0.152848875,0.180458077,0.160754836,0.189767858,0.158728765,0.226114297,0.510997173,0.183083657,0.005452438,0.248706559,-0.179271848,0.237569504,-0.049641124,0.265492624,0.045293092,0.133589045,0.283800504,0.111256257,0.161634871,0.315798231,0.104898438,-0.169974032,0.411923715,0.046430664,0.042406515,0.152734432,-0.144916473,0.043880795
ec96,-0.168030129,0.248283901,0.099507539,0.233912781,0.188579206,0.256877148,0.53881441,0.131015387,0.13891697,0.253691144,-0.11858835,0.356037747,-0.140309937,0.25573654,0.002106901,0.035025116,0.333789214,0.085473867,0.162506899,0.269605219,0.104430903,-0.058211877,0.390926785,0.09738617,0.026867694,0.125107887,-0.125102354,0.066458058
ec97,-0.06934191,0.332469264,0.239195085,0.249301476,0.141819708,0.297085531,0.543335131,0.182419004,0.087168905,0.27771883,-0.03121298,0.295195201,-0.012070319,0.28202383,-0.001238407,0.068720658,0.327281319,0.05803399,0.172817915,0.283581451,0.00999045,-0.290107532,0.381928816,0.080653318,0.014951921,0.219026178,-0.153459685,0.033118532
ec101,-0.305587696,0.140646492,0.009532761,0.173062817,0.119209568,0.217403041,0.497889506,0.095011406,0.065393506,0.156763444,-0.236769292,0.291244374,-0.259612836,0.312557661,-0.055739496,0.016382205,0.178658702,0.019354623,0.133801203,0.180945685,0.089784851,-0.096322849,0.366775821,0.006167633,-0.006101706,0.094565272,-0.131775955,-0.015627017
ec106,-0.303713431,0.255110809,0.10411636,0.258108325,0.169196805,0.203834299,0.537169053,0.134952167,0.010986519,0.265059165,-0.164522483,0.345796542,-0.127223976,0.343171138,-7.53E-05,0.027269933,0.283752459,0.039968007,0.138558504,0.220497539,0.074930876,-0.016739309,0.359208579,-0.022033122,0.052140319,0.096775876,-0.11908539,0.068890621
