SYMBOL,log2FoldChange,pvalue,padj
COL10A1,5.702756689,0,0
MMP1,4.984728593,0,0
SPP1,4.951649579,0,0
CST2,4.879547142,0,0
CTHRC1,4.352293294,0,0
SIX1,3.940512863,0,0
COL1A1,3.637588905,0,0
MFAP2,3.634747386,0,0
CCDC50,-2.086232206,0,0
EMP1,-3.428008937,0,0
GPD1L,-2.441575094,9.11E-302,1.07E-298
UBL3,-2.322878907,2.18E-299,2.34E-296
KIF14,2.543925651,4.15E-279,4.11E-276
CST1,4.751737909,1.08E-278,9.93E-276
SASH1,-2.885738822,1.09E-277,9.37E-275
YOD1,-2.767581326,3.93E-274,3.16E-271
CBX3,1.210958226,1.41E-270,1.07E-267
TPX2,2.366660572,1.39E-267,9.92E-265
GTSE1,2.240312443,1.40E-266,9.46E-264
MGLL,-2.744707789,3.78E-265,2.44E-262
COL5A2,3.123152823,5.91E-263,3.63E-260
FSCN1,2.266861599,7.92E-262,4.64E-259
C4orf3,-1.895512625,2.02E-253,1.13E-250
ESM1,3.984043047,4.25E-248,2.28E-245
C1QTNF6,3.011047767,6.27E-247,3.23E-244
KIF2C,2.185311194,1.71E-238,8.47E-236
KIF23,1.83884386,6.94E-237,3.31E-234
ZFP64,2.083634834,4.33E-235,1.99E-232
LPIN1,-2.979121074,6.54E-229,2.90E-226
THSD4,-3.667458061,8.05E-228,3.46E-225
HPGD,-3.691367096,1.28E-227,5.32E-225
SLC46A2,-3.251790634,3.23E-218,1.30E-215
LRRC15,4.470444416,4.56E-218,1.78E-215
KIF26B,2.536391428,9.58E-213,3.63E-210
EHD3,-2.595959084,1.49E-211,5.48E-209
GCKR,-3.285069458,9.39E-211,3.36E-208
CDCA5,2.472147616,1.43E-210,4.98E-208
KIF20A,2.184058829,2.69E-209,9.12E-207
KNSTRN,1.821672495,4.01E-209,1.32E-206
TRNP1,-2.68581127,2.68E-208,8.62E-206
RBFOX3,-3.638035171,3.62E-208,1.14E-205
MINDY1,-1.991450535,4.57E-208,1.40E-205
ANXA9,-3.163093619,5.24E-206,1.57E-203
CHP1,-1.300347174,8.96E-206,2.62E-203
LMO7,-2.600479589,1.63E-205,4.67E-203
ECM1,-3.213505047,1.37E-203,3.82E-201
LOXL2,2.644719501,5.33E-203,1.46E-200
GYS2,-4.729945688,5.70E-202,1.53E-199
HSP90B1,1.11356679,2.65E-198,6.96E-196
GJB7,3.452535626,5.68E-198,1.46E-195
FNDC4,-2.674767743,1.56E-197,3.95E-195
CMSS1,1.565316781,1.88E-197,4.66E-195
KIF4A,1.846996139,4.95E-197,1.20E-194
NUCB2,-1.980945993,1.03E-195,2.45E-193
DTL,2.097448011,3.26E-195,7.64E-193
TMOD3,-1.650102343,7.14E-194,1.64E-191
ALDH9A1,-1.640008147,2.56E-193,5.80E-191
RANBP9,-1.82042443,2.36E-192,5.25E-190
COL1A2,2.875874921,2.68E-192,5.84E-190
AFDN,-1.669536713,2.80E-191,6.01E-189
TREM2,3.203927443,8.73E-191,1.84E-188
CEP55,2.113284988,1.70E-190,3.52E-188
ABLIM1,-2.38611612,3.16E-190,6.45E-188
TOP2A,2.121842293,4.06E-190,8.17E-188
DNAH17,4.284602868,4.49E-190,8.90E-188
ELN,-2.86030612,6.23E-190,1.22E-187
CCNA1,5.323968227,9.12E-190,1.75E-187
GMDS,-1.957857315,2.14E-189,4.06E-187
TEAD3,-2.180876396,2.76E-188,5.16E-186
ECT2,2.03227391,6.08E-188,1.12E-185
RFC4,1.937376054,7.51E-188,1.36E-185
TRIP13,2.225527904,8.95E-188,1.60E-185
FOXM1,2.06506273,1.00E-187,1.77E-185
HOXD11,3.939866001,4.25E-187,7.40E-185
NELL2,3.697240422,6.73E-187,1.16E-184
EPYC,5.359362624,1.05E-185,1.78E-183
STK39,-1.56211524,3.36E-185,5.62E-183
ARHGEF10L,-1.803732575,5.54E-185,9.15E-183
SP1,-1.570986338,8.36E-184,1.36E-181
CENPF,1.853542442,9.37E-184,1.51E-181
BID,1.752493281,1.01E-183,1.60E-181
SLC5A12,3.292657282,1.53E-183,2.40E-181
MCM7,1.645694852,5.64E-183,8.75E-181
BUB1B,1.775584568,6.47E-183,9.92E-181
SORBS2,-3.007465893,5.39E-181,8.17E-179
SPAG5,2.020617015,3.86E-178,5.78E-176
PFN2,2.407348867,6.14E-178,9.09E-176
SLC16A6,-2.47317689,1.32E-177,1.94E-175
KAT2B,-2.482816169,2.77E-177,4.00E-175
ASPA,-3.069452428,1.12E-176,1.60E-174
LAMC2,3.167894975,1.28E-176,1.81E-174
GDPD3,-3.346721444,1.60E-176,2.24E-174
RUVBL1,1.452454987,2.24E-176,3.10E-174
WDHD1,1.893669343,2.28E-176,3.12E-174
EPS8L2,-2.219042378,7.65E-176,1.04E-173
MYBL2,1.899413987,8.62E-176,1.16E-173
NEK2,1.99492354,4.32E-175,5.74E-173
STC2,2.729622732,7.44E-175,9.77E-173
TTYH3,2.249212701,6.36E-174,8.27E-172
CSTB,-2.602161984,1.23E-173,1.58E-171
DUSP5,-2.554592532,1.67E-173,2.13E-171
GRHL3,-3.211989477,2.20E-173,2.78E-171
CDCA8,1.717721494,2.30E-173,2.88E-171
COL11A1,4.248149026,3.65E-173,4.52E-171
SCEL,-3.811652294,7.32E-173,8.98E-171
EVA1A,3.522517301,1.13E-172,1.38E-170
SIX4,3.245259042,5.21E-172,6.28E-170
AURKB,1.996043197,1.20E-171,1.43E-169
UBE2T,2.066320921,1.72E-171,2.04E-169
GALNT12,-2.232203253,5.55E-171,6.50E-169
SPINK5,-3.591691996,7.46E-171,8.66E-169
LRRFIP2,-1.369176335,1.61E-170,1.85E-168
CAPN5,-2.56900236,1.87E-170,2.13E-168
PLXNA1,1.846644506,6.70E-170,7.57E-168
CPEB3,-2.092970096,9.77E-170,1.09E-167
HJURP,2.166588368,1.59E-168,1.76E-166
DLGAP5,2.010364289,2.02E-168,2.22E-166
DNMT3B,2.803344675,4.24E-168,4.63E-166
C1QL4,3.617347562,2.03E-167,2.19E-165
SNX9,-1.536870338,2.61E-167,2.80E-165
HSP90AA1,1.304747763,6.65E-167,7.08E-165
PPL,-2.401052101,2.12E-166,2.24E-164
CHRNA1,3.24242713,2.88E-166,3.00E-164
TROAP,1.836993902,2.86E-166,3.00E-164
PSMB2,1.081012998,4.10E-166,4.23E-164
FANCI,1.62157157,2.49E-165,2.55E-163
DLX1,3.697166622,1.09E-164,1.11E-162
LIMK1,1.566642204,2.68E-164,2.69E-162
HOXC13,3.626451306,6.48E-164,6.47E-162
F10,-2.382364987,8.61E-164,8.53E-162
SHROOM3,-2.556741236,1.00E-163,9.88E-162
ENDOU,-4.225633771,1.10E-163,1.07E-161
ACSM1,-2.466260873,1.44E-163,1.40E-161
XPR1,1.505493038,1.17E-162,1.13E-160
DLX2,4.265845227,1.25E-162,1.19E-160
COL5A1,2.510582915,1.58E-162,1.50E-160
RAB10,-1.302532636,2.75E-162,2.58E-160
FAM107A,-2.871140259,3.13E-162,2.92E-160
GMPS,1.254056079,5.29E-162,4.90E-160
STK3,1.077163149,5.40E-162,4.97E-160
CDC45,2.108131965,4.24E-161,3.87E-159
N4BP3,-2.430121235,1.20E-160,1.09E-158
CENPA,1.868119648,2.57E-159,2.31E-157
ZNF185,-2.498562248,5.26E-159,4.71E-157
DHRS1,-2.020071149,5.61E-159,4.98E-157
PLCXD3,-3.451741019,6.51E-159,5.75E-157
TBX15,3.242039922,1.20E-158,1.05E-156
SERPINB6,-1.662418871,1.94E-158,1.69E-156
HADHB,-1.226676903,1.96E-158,1.69E-156
RAD51AP1,2.168449119,3.60E-158,3.09E-156
MXD1,-2.221978758,9.27E-158,7.91E-156
STRADB,-1.734410591,1.05E-157,8.93E-156
PAQR8,-2.202170126,2.10E-157,1.77E-155
SULF1,2.517938394,4.03E-157,3.37E-155
NFIA,-1.663642056,8.45E-157,7.02E-155
FAM72B,2.037596929,2.38E-156,1.97E-154
HOXD13,4.515072487,5.96E-156,4.89E-154
GFOD2,-1.655015186,1.96E-155,1.60E-153
CDC20,1.685550845,6.55E-155,5.31E-153
IL11,3.259989867,6.88E-155,5.54E-153
EPS8L1,-2.835527568,6.76E-154,5.41E-152
KNTC1,1.533273698,1.29E-153,1.03E-151
PLA2G7,2.950915984,4.72E-153,3.73E-151
STIL,1.833702953,1.54E-152,1.21E-150
GINS2,1.721276993,1.92E-152,1.50E-150
CAMK2N2,2.59943452,3.19E-152,2.48E-150
HOXC10,3.496410786,4.73E-152,3.65E-150
NXPH4,2.966450304,5.84E-152,4.47E-150
ACADM,-1.391835586,9.10E-152,6.94E-150
GNA14,-2.111556852,1.04E-150,7.88E-149
COL3A1,2.870279903,2.20E-150,1.66E-148
CAST,-1.374751819,2.00E-149,1.50E-147
ABLIM3,-2.32047184,2.07E-149,1.54E-147
BCAT1,2.666442239,2.10E-149,1.56E-147
FST,2.682554301,5.34E-149,3.93E-147
IL34,-2.574772726,1.43E-148,1.04E-146
ANXA11,-1.350514354,2.05E-148,1.49E-146
SORT1,-1.729619093,5.68E-148,4.11E-146
SLC6A1,-2.851988647,1.35E-147,9.69E-146
HOXC8,2.978608477,3.56E-147,2.55E-145
IL1RN,-2.805840523,3.80E-147,2.70E-145
CDK1,1.926608593,4.17E-146,2.95E-144
RAD54L,2.041106061,4.94E-146,3.48E-144
MALL,-2.57565812,9.19E-146,6.43E-144
DLX6,3.742641634,1.80E-145,1.25E-143
LRRC8D,1.56482764,2.71E-145,1.87E-143
MTBP,1.920091059,3.24E-145,2.23E-143
FBXO34,-1.354987856,1.53E-144,1.05E-142
SFI1,-2.285033724,2.85E-144,1.94E-142
OR10G3,-2.956495496,5.38E-144,3.65E-142
PAIP2B,-1.792219231,2.26E-143,1.53E-141
ZNF707,1.273596061,3.17E-143,2.13E-141
TACC3,1.424828303,4.50E-143,3.00E-141
BMP8A,2.497309234,1.49E-142,9.86E-141
FAM3D,-3.836092438,1.62E-142,1.06E-140
FCER1A,-3.129878653,7.51E-142,4.91E-140
DCBLD1,1.978211364,9.50E-142,6.18E-140
PDK4,-3.12929525,9.87E-142,6.39E-140
ACADVL,-1.056993205,1.70E-141,1.10E-139
VPS4B,-1.482845566,4.56E-141,2.92E-139
EPB41L3,-2.13280189,1.35E-140,8.63E-139
ZNF281,1.314393677,7.68E-140,4.88E-138
OR4S1,-2.999967378,1.22E-139,7.71E-138
P3H1,1.704183251,1.64E-139,1.03E-137
FBXO3,-1.30255539,3.66E-139,2.29E-137
CERCAM,1.859925712,2.89E-138,1.80E-136
MTHFD1L,1.678499591,5.14E-138,3.19E-136
CCNB2,1.850428492,1.46E-137,8.99E-136
EXPH5,-2.084347085,2.54E-137,1.56E-135
ADH1A,-3.612979753,4.14E-137,2.53E-135
CAPN14,-3.758167391,9.15E-137,5.56E-135
AGRN,1.576699771,1.50E-136,9.08E-135
C1orf87,-3.5960442,1.51E-136,9.10E-135
NDRG2,-1.752599093,1.73E-136,1.04E-134
FZD2,1.858232738,2.35E-136,1.40E-134
GPR158,4.032899909,2.64E-136,1.57E-134
LHX5,3.674784638,1.00E-135,5.92E-134
CA13,-2.205629904,9.11E-135,5.36E-133
UPK1A,-3.78497428,1.74E-134,1.02E-132
PCSK9,2.988094666,1.78E-134,1.04E-132
FXYD1,-2.693648409,1.82E-134,1.05E-132
IFI16,1.151718617,1.97E-134,1.14E-132
TP53I3,-2.119890114,1.99E-134,1.14E-132
MELTF,2.778650014,2.27E-134,1.30E-132
P3H4,2.155892589,3.39E-134,1.93E-132
ZIC5,3.891871645,3.55E-134,2.01E-132
SMAGP,-1.980249998,8.88E-134,5.02E-132
HTR3B,-2.8067619,1.13E-133,6.38E-132
ZNF365,-2.836887478,1.30E-133,7.29E-132
ATP2C1,1.141815904,1.47E-133,8.21E-132
ILF2,1.023366994,1.68E-133,9.33E-132
IGFBP3,2.595992131,1.86E-133,1.03E-131
KANK1,-1.712534206,2.62E-133,1.44E-131
MEST,2.26518487,2.65E-133,1.45E-131
TGM3,-3.640539653,3.80E-133,2.07E-131
NAGK,-1.429505133,8.25E-133,4.49E-131
TSPAN8,-4.33904223,8.70E-133,4.71E-131
LAMB3,2.251474303,1.47E-132,7.90E-131
MUC22,-3.712820409,1.84E-132,9.89E-131
FMNL2,1.551219595,2.49E-132,1.33E-130
PRR11,1.639775628,5.54E-132,2.94E-130
ARSF,-3.519611332,1.58E-131,8.29E-130
CCL14,-3.093955687,2.13E-131,1.12E-129
DEPDC1B,1.79168204,2.30E-131,1.20E-129
FADS1,2.176951387,2.88E-131,1.50E-129
CPNE6,-2.441361122,1.95E-130,1.00E-128
KLF3,-1.214397749,5.06E-130,2.60E-128
BIRC5,2.399586082,3.82E-129,1.95E-127
TGFBI,2.242636824,3.81E-129,1.95E-127
FLG,-3.138932761,4.18E-129,2.12E-127
SHISA2,4.285299914,5.35E-129,2.70E-127
C1orf116,-2.546715259,6.24E-129,3.14E-127
RCAN2,-2.655374565,7.77E-129,3.89E-127
CCNF,1.701658018,8.04E-129,4.01E-127
BRIX1,1.168669999,1.81E-128,8.99E-127
CITED1,-2.622296693,2.33E-128,1.15E-126
HEY1,2.582605677,2.38E-128,1.17E-126
GRIN2D,3.37212881,2.56E-128,1.26E-126
BNIPL,-2.864975988,4.11E-128,2.01E-126
LMNB2,1.386617503,5.04E-128,2.46E-126
FAM89A,1.904463163,1.27E-127,6.18E-126
MMP10,4.379748714,1.41E-127,6.84E-126
SPC25,1.649198324,2.28E-127,1.10E-125
CTTNBP2,-2.844128254,2.57E-127,1.23E-125
TRMT112,1.038683464,3.37E-127,1.61E-125
DLL3,3.030146273,3.56E-127,1.70E-125
C15orf62,-2.191705635,6.96E-127,3.30E-125
CDK4,1.189728884,9.90E-127,4.67E-125
HSPB8,-2.179589164,1.05E-126,4.94E-125
RRAGD,-2.09503418,1.07E-126,5.02E-125
C15orf48,-2.647991072,1.43E-126,6.65E-125
RYR1,-2.100199051,1.70E-126,7.91E-125
TK1,1.616480562,2.65E-126,1.23E-124
DDX11,1.449229448,2.73E-126,1.26E-124
CRISP3,-4.729560352,4.24E-126,1.95E-124
DOCK9,-1.354377157,4.57E-126,2.09E-124
PRC1,1.500618399,6.80E-126,3.10E-124
SGO2,1.676921191,6.88E-126,3.13E-124
S100A14,-2.350235993,8.00E-126,3.63E-124
PTHLH,2.909679757,2.06E-125,9.29E-124
STAT1,1.705111112,2.79E-125,1.25E-123
LCN1,-4.913747098,3.41E-125,1.52E-123
LYNX1,-2.871110175,4.67E-125,2.08E-123
SLC35C1,-1.438331989,7.59E-125,3.37E-123
GPR19,2.638541274,8.70E-125,3.85E-123
CCDC150,1.818858473,2.02E-124,8.90E-123
MMP13,4.312712762,3.51E-124,1.54E-122
SCNN1B,-3.072763562,3.63E-124,1.59E-122
PRKDC,1.142025233,4.57E-124,1.99E-122
NUF2,1.659240831,7.81E-124,3.40E-122
SKA1,1.752999202,1.18E-123,5.14E-122
RAB11A,-1.375457925,1.31E-123,5.68E-122
MMS22L,1.482601536,3.48E-123,1.50E-121
PMM1,-1.579081048,3.87E-123,1.66E-121
GMNN,1.307959555,4.49E-123,1.92E-121
CLSPN,2.047649711,1.05E-122,4.46E-121
CENPN,1.816504792,2.33E-122,9.86E-121
ALOX12,-3.345631313,1.28E-121,5.41E-120
PDIA4,1.095308215,5.45E-121,2.29E-119
TBC1D31,1.091762325,5.72E-121,2.40E-119
DARS2,1.175930961,8.09E-121,3.38E-119
APMAP,1.420230343,8.26E-121,3.44E-119
TCP11L2,-2.233485985,1.49E-120,6.21E-119
HSPD1,1.068482389,1.65E-120,6.84E-119
EXT1,1.368168731,1.71E-120,7.05E-119
PAQR4,1.689932481,1.87E-120,7.71E-119
USP53,-1.261918877,3.23E-120,1.32E-118
KLB,-2.511699122,4.68E-120,1.91E-118
CSF2,3.966536485,4.94E-120,2.01E-118
LNX1,-2.435826004,1.04E-119,4.24E-118
DEGS2,-2.517093831,1.93E-119,7.80E-118
PDLIM2,-1.754874795,2.54E-119,1.02E-117
VSIG10L,-2.970280977,2.91E-119,1.17E-117
BRCA1,1.312637542,2.95E-119,1.18E-117
PMEPA1,2.033068069,3.98E-119,1.59E-117
STRA6,2.867749636,5.07E-119,2.01E-117
CNGB3,2.122630306,7.92E-119,3.14E-117
MSH6,1.073543032,8.15E-119,3.22E-117
AGFG2,-1.867022806,8.31E-119,3.27E-117
ACLY,1.036121539,1.23E-118,4.81E-117
IFI30,1.57788932,3.20E-118,1.25E-116
PITX1,-2.052379848,5.14E-118,2.00E-116
MCM4,1.470620643,5.46E-118,2.12E-116
SUCLG2,-1.033558742,5.69E-118,2.20E-116
TCAIM,-1.120452426,1.03E-117,3.99E-116
EPB41L4A,-2.050273881,2.40E-117,9.23E-116
EPHX2,-1.899477955,3.04E-117,1.17E-115
ASPM,1.675278256,3.47E-117,1.32E-115
NOSTRIN,-1.683955663,4.89E-117,1.86E-115
RAB15,1.755801713,5.12E-117,1.95E-115
HPRT1,1.084550547,1.40E-116,5.30E-115
FNDC1,2.863394376,2.92E-116,1.10E-114
KCNA5,-2.466750551,3.07E-116,1.15E-114
CCDC6,-1.369727133,3.79E-116,1.42E-114
CXCR2,-2.377968408,4.24E-116,1.58E-114
CLEC3B,-2.677421081,5.18E-116,1.93E-114
KAZN,-1.541697189,7.10E-116,2.64E-114
FANCB,1.608175266,1.96E-115,7.26E-114
IL12A,-2.958432416,2.52E-115,9.29E-114
LAPTM4B,1.884601274,3.33E-115,1.22E-113
LRRK2,-2.18500367,3.43E-115,1.26E-113
PRIM2,1.37486161,8.28E-115,3.03E-113
MAPT,-1.896191403,1.26E-114,4.60E-113
CENPE,1.625521802,1.59E-114,5.77E-113
SAMD5,-2.702616008,2.57E-114,9.32E-113
FNDC3B,1.396201126,3.23E-114,1.17E-112
SPDL1,1.226007287,5.14E-114,1.85E-112
PADI1,-3.613439763,6.62E-114,2.38E-112
OIP5,1.541796642,1.38E-113,4.96E-112
FJX1,1.757431217,3.04E-113,1.09E-111
P4HA1,1.730372717,3.08E-113,1.10E-111
P2RY14,-2.158969928,4.22E-113,1.50E-111
PPDPF,-1.137072098,6.70E-113,2.37E-111
ACOT12,-2.348854285,9.10E-113,3.21E-111
FTL,1.55022482,1.41E-112,4.95E-111
KCNAB1,-1.510521209,1.53E-112,5.36E-111
LDB3,-3.016253168,2.09E-112,7.33E-111
GBP6,-2.380373412,3.32E-112,1.16E-110
EN1,3.201220404,3.84E-112,1.34E-110
KIFC1,1.329433726,4.13E-112,1.43E-110
SERPINE1,2.75918086,4.96E-112,1.72E-110
VCAN,2.511609995,5.18E-112,1.79E-110
RTKN,1.123503509,5.85E-112,2.02E-110
ECHDC2,-1.759529307,7.62E-112,2.61E-110
PTGDS,-2.263786161,9.95E-112,3.39E-110
NOP2,1.18222398,4.06E-111,1.38E-109
KCNIP4,-2.255648052,6.34E-111,2.15E-109
LAMA1,3.332554889,7.23E-111,2.45E-109
GOLPH3L,-1.025807117,7.42E-111,2.50E-109
RORC,-3.040351331,1.12E-110,3.77E-109
ANGPT2,1.594241365,1.26E-110,4.23E-109
ASIC5,-2.950946806,1.77E-110,5.92E-109
RUNX2,1.763986606,1.92E-110,6.39E-109
TMEM100,-2.669790601,5.26E-110,1.75E-108
NREP,1.508382888,9.06E-110,3.00E-108
MAGEA10,5.152749909,2.26E-109,7.45E-108
TENM2,2.473728432,3.60E-109,1.18E-107
E2F7,1.509464797,3.92E-109,1.29E-107
MAD2L2,1.55934231,5.78E-109,1.89E-107
ATP6V0D2,2.70809405,6.36E-109,2.07E-107
KIAA0232,-1.385330346,8.32E-109,2.70E-107
ZBTB17,-1.378943796,9.32E-109,3.02E-107
SAP18,-1.335261154,1.07E-108,3.45E-107
TCF24,2.521533094,1.36E-108,4.40E-107
GSN,-1.342102508,1.67E-108,5.37E-107
MCM6,1.252430053,1.97E-108,6.34E-107
LRP12,2.144911896,2.84E-108,9.08E-107
TOPBP1,1.179354706,5.00E-108,1.60E-106
KIF18A,1.831681261,5.35E-108,1.71E-106
C16orf74,2.075876981,6.40E-108,2.04E-106
TCF3,1.087272667,7.91E-108,2.51E-106
CABYR,2.860580181,8.25E-108,2.61E-106
FADD,2.0035374,9.96E-108,3.14E-106
NBEAL2,-1.651300174,1.01E-107,3.17E-106
ROR1,-2.071764859,1.05E-107,3.30E-106
CGNL1,-2.295335779,1.37E-107,4.30E-106
SOST,4.685010269,1.76E-107,5.48E-106
PGM5,-3.261358789,2.19E-107,6.80E-106
STMN1,1.376336039,2.77E-107,8.59E-106
SCARA5,-3.277339623,4.41E-107,1.37E-105
SCP2,-1.044329474,6.05E-107,1.87E-105
SH3D19,-1.079764785,6.67E-107,2.05E-105
KLHL2,-1.225028173,6.83E-107,2.10E-105
TNFRSF18,2.388395786,7.24E-107,2.22E-105
NEMP1,1.335965753,1.25E-106,3.83E-105
NCCRP1,-2.608734963,1.94E-106,5.92E-105
MEIS1,-1.367900151,3.42E-106,1.04E-104
RAD51,1.318292718,5.87E-106,1.78E-104
DRD4,-1.695482741,7.62E-106,2.31E-104
SFRP5,-3.444279598,9.09E-106,2.75E-104
RNASEH2A,1.530626343,1.37E-105,4.13E-104
TMPRSS11B,-3.546209696,2.31E-105,6.94E-104
SNX10,2.077634161,3.20E-105,9.62E-104
ATP1A2,-3.410633358,3.53E-105,1.06E-103
TFAP2B,-3.699187043,1.82E-104,5.42E-103
YEATS2,1.206649003,3.32E-104,9.88E-103
ESPL1,-1.910783027,4.03E-104,1.20E-102
KNL1,1.687243867,6.63E-104,1.96E-102
CRTAC1,-2.82615002,9.56E-104,2.82E-102
TGFBR3,-2.06553957,1.11E-103,3.28E-102
HEBP2,-1.022497451,1.18E-103,3.48E-102
LAMP5,2.775232416,2.49E-103,7.28E-102
MEX3A,2.455882022,2.73E-103,7.97E-102
FHL1,-2.279765781,4.22E-103,1.23E-101
MASP2,-1.514793716,1.06E-102,3.08E-101
KIAA0930,1.068453038,1.10E-102,3.19E-101
ST3GAL4,-1.847498879,1.16E-102,3.35E-101
CRYL1,-1.346781941,1.17E-102,3.38E-101
FANCA,1.511187761,1.47E-102,4.23E-101
RUNX1,1.507878633,1.77E-102,5.10E-101
NOX4,2.043013288,2.06E-102,5.92E-101
CILP2,2.369724402,7.79E-102,2.21E-100
TMPRSS11E,-3.158271312,8.72E-102,2.47E-100
PLAC1,3.540872243,1.27E-101,3.60E-100
SLC24A2,2.598570986,1.65E-101,4.65E-100
ZWINT,1.367955836,1.73E-101,4.87E-100
GRPEL2,-1.713024773,2.06E-101,5.78E-100
SLC4A4,-2.741022066,2.54E-101,7.14E-100
KCTD6,-1.226459227,4.24E-101,1.19E-99
USB1,1.213448631,5.34E-101,1.49E-99
SPOCD1,2.331413983,1.27E-100,3.54E-99
MLLT11,2.13598115,1.53E-100,4.26E-99
DUOX1,-1.829716136,1.58E-100,4.38E-99
CHAF1A,1.105511389,1.63E-100,4.52E-99
NUAK1,1.883638232,1.88E-100,5.19E-99
SCN5A,-3.180430079,2.30E-100,6.35E-99
ZNF662,-1.787769978,2.58E-100,7.11E-99
SHMT1,-1.414191892,4.89E-100,1.34E-98
IFI6,2.024710921,7.86E-100,2.15E-98
NUDT1,1.330876086,8.27E-100,2.26E-98
RAB3B,3.689480982,9.95E-100,2.71E-98
CEACAM1,-2.321711465,1.27E-99,3.46E-98
FAT1,1.562392519,1.60E-99,4.35E-98
CDK6,1.494759608,2.41E-99,6.51E-98
HPCAL4,-2.948716257,2.83E-99,7.65E-98
PYCR2,1.048976889,3.16E-99,8.51E-98
RAB11FIP1,-1.776052715,4.25E-99,1.14E-97
CYP27B1,2.480474124,4.41E-99,1.18E-97
ABHD5,-1.422930949,6.14E-99,1.64E-97
OXSR1,-1.034966773,8.67E-99,2.32E-97
SLC37A1,-1.798768037,2.14E-98,5.72E-97
LEPR,1.559280216,2.42E-98,6.45E-97
HSPH1,1.214735729,7.91E-98,2.10E-96
ISG15,2.17300111,8.14E-98,2.15E-96
TAF1A,1.213257354,1.04E-97,2.74E-96
CLIC3,-2.655636048,1.31E-97,3.46E-96
SLC19A1,1.147664005,1.55E-97,4.07E-96
BUB1,1.977006784,2.43E-97,6.37E-96
CYP26A1,4.689942085,2.96E-97,7.76E-96
TXLNA,-1.569941058,3.53E-97,9.22E-96
RSPH3,-1.007675901,3.62E-97,9.43E-96
ZDHHC13,-1.420673917,3.84E-97,9.99E-96
ARPC1B,1.494357571,3.96E-97,1.03E-95
MUCL1,3.992207799,5.46E-97,1.41E-95
PER1,-1.326962369,7.10E-97,1.84E-95
OLR1,2.801367956,8.43E-97,2.18E-95
SH3PXD2B,1.18240138,1.10E-96,2.83E-95
CBS,2.457138248,1.59E-96,4.08E-95
SLURP1,-3.137848772,1.59E-96,4.08E-95
CCDC160,-2.669886553,1.68E-96,4.30E-95
CENPL,1.540898471,2.69E-96,6.89E-95
PRNP,1.263878535,3.12E-96,7.96E-95
COL7A1,1.783054731,3.23E-96,8.23E-95
APLN,2.221089145,3.49E-96,8.86E-95
HLTF,1.458658096,5.33E-96,1.35E-94
USP54,-1.098833353,7.03E-96,1.78E-94
PLOD1,1.644370526,8.14E-96,2.05E-94
TRAM2,1.413219273,8.25E-96,2.07E-94
MAL,-3.374629705,1.03E-95,2.59E-94
MSN,1.217518711,1.92E-95,4.81E-94
MAGEA4,4.566059358,2.02E-95,5.04E-94
MATN3,2.289701366,2.85E-95,7.11E-94
SPON2,1.424539249,2.90E-95,7.22E-94
TMEM184B,1.04285955,2.96E-95,7.35E-94
RSPO1,-2.292607045,3.61E-95,8.95E-94
RIF1,1.066309331,4.80E-95,1.19E-93
RCN3,1.67593123,5.12E-95,1.26E-93
FUT5,-2.342987519,6.56E-95,1.61E-93
CALM1,-1.098389298,7.12E-95,1.75E-93
RNH1,-1.4446592,7.41E-95,1.82E-93
MOV10L1,-2.24028754,7.44E-95,1.82E-93
SPINK8,-3.407630921,8.48E-95,2.07E-93
PCNA,1.176716044,9.96E-95,2.43E-93
FLVCR1,1.331536167,1.47E-94,3.57E-93
CFAP46,-2.134907931,1.79E-94,4.35E-93
CASQ2,-3.233663962,1.79E-94,4.35E-93
NDC80,1.861093569,1.86E-94,4.51E-93
CRABP2,-2.15226588,1.93E-94,4.66E-93
SLC9A7,-1.728250851,3.05E-94,7.36E-93
HOXD10,2.10902701,5.52E-94,1.33E-92
PGF,2.147973665,6.29E-94,1.51E-92
RBP1,2.051612845,7.51E-94,1.80E-92
CTNNBIP1,-1.490177624,9.89E-94,2.36E-92
ANKRD35,-2.188659119,1.60E-93,3.83E-92
COL8A1,1.993091293,2.04E-93,4.86E-92
CKMT2,-2.238703174,3.60E-93,8.51E-92
PNPLA3,2.138861948,4.64E-93,1.10E-91
COL12A1,1.893687479,1.24E-92,2.92E-91
CPEB4,-1.386110195,1.43E-92,3.36E-91
RCN1,1.032911546,1.44E-92,3.37E-91
KLHDC7B,3.374459206,1.89E-92,4.43E-91
SMC2,1.302164988,2.36E-92,5.52E-91
PER2,-1.483621263,2.39E-92,5.59E-91
HACD3,1.003125932,2.49E-92,5.79E-91
RAB9B,-2.324678347,3.69E-92,8.58E-91
WDR26,-1.127337068,3.70E-92,8.59E-91
MGST2,-1.325526338,4.26E-92,9.85E-91
RNASE10,3.982179381,4.97E-92,1.15E-90
MPP4,2.764498529,5.19E-92,1.20E-90
BBIP1,-1.10673117,5.52E-92,1.27E-90
BBOX1,-2.027980518,5.97E-92,1.37E-90
LCN6,-2.33626306,6.09E-92,1.39E-90
KRTAP3-2,-4.117612225,6.37E-92,1.45E-90
TFF1,-4.778820013,8.06E-92,1.83E-90
CACNG4,3.283913094,1.49E-91,3.37E-90
FHOD1,1.009151101,2.29E-91,5.18E-90
RAI14,1.727466553,3.77E-91,8.51E-90
ABHD14A,-1.424119381,5.91E-91,1.33E-89
ERN1,-1.230114861,6.56E-91,1.47E-89
AHNAK,-1.52688411,6.56E-91,1.47E-89
HOXB7,1.711305253,7.91E-91,1.77E-89
ZIC2,3.049637097,7.99E-91,1.78E-89
MKNK2,-1.258270712,1.20E-90,2.67E-89
ONECUT2,2.418663511,1.42E-90,3.17E-89
CTAG2,5.404401361,3.53E-90,7.78E-89
CXCL8,3.506405886,3.79E-90,8.35E-89
HMMR,1.66131971,4.77E-90,1.05E-88
WDR20,-1.573284078,6.33E-90,1.39E-88
BARX2,-2.648274132,6.76E-90,1.48E-88
DLX4,2.198009165,9.53E-90,2.08E-88
AMOTL2,-1.330552424,1.06E-89,2.32E-88
TANC2,1.345856569,1.51E-89,3.29E-88
DUSP1,-1.614527267,2.63E-89,5.71E-88
RGN,-2.224449679,3.16E-89,6.85E-88
IQGAP3,1.411992485,3.88E-89,8.41E-88
ATP6V1D,-1.28117166,4.17E-89,9.01E-88
USP18,1.671353306,5.45E-89,1.18E-87
ANKRD31,-2.58367452,1.28E-88,2.76E-87
MMD,1.376644051,1.47E-88,3.16E-87
ERBB3,-1.443770341,2.50E-88,5.35E-87
LUM,1.792337215,2.88E-88,6.16E-87
DBNL,-1.106824284,3.59E-88,7.63E-87
LGALS1,1.772758532,3.71E-88,7.89E-87
C1QTNF7,-2.340192563,4.12E-88,8.75E-87
FCGR2A,1.622821383,4.32E-88,9.14E-87
MCM8,1.190289776,4.32E-88,9.15E-87
CXCL11,3.059971554,6.41E-88,1.35E-86
KHDC1,2.065140481,6.75E-88,1.42E-86
NR3C2,-2.324846868,7.26E-88,1.53E-86
LGALS3,-1.159093112,9.89E-88,2.08E-86
PTK6,-1.81255892,1.00E-87,2.10E-86
HTRA1,1.380479734,1.04E-87,2.18E-86
PELI1,-1.30934651,1.84E-87,3.85E-86
RAET1E,-2.673786671,2.31E-87,4.81E-86
ITPR3,1.160626604,2.95E-87,6.15E-86
SH2D2A,1.451586619,4.53E-87,9.39E-86
FGFBP2,4.548532928,4.54E-87,9.39E-86
IQCF1,-2.719501313,5.88E-87,1.22E-85
CT45A3,4.183092876,6.17E-87,1.27E-85
ITM2A,-1.785630832,7.93E-87,1.64E-85
HOXC11,2.304935978,8.44E-87,1.74E-85
ANGPTL1,-2.590851795,1.01E-86,2.07E-85
UCHL1,2.870529331,1.07E-86,2.20E-85
GALNT9,-1.710139542,1.70E-86,3.46E-85
MLF1,1.661812246,2.31E-86,4.70E-85
MUC1,-2.244526056,2.46E-86,5.00E-85
TOM1L2,-1.346238789,2.81E-86,5.70E-85
SOX11,1.972499373,3.21E-86,6.51E-85
TTC9,-2.358824144,6.39E-86,1.29E-84
KLHDC8A,-2.358771944,1.16E-85,2.33E-84
VAX1,2.570308626,2.02E-85,4.06E-84
MAGI3,-1.190744877,2.10E-85,4.23E-84
RBM47,-1.457574236,2.17E-85,4.34E-84
FNBP1,-1.352509292,3.32E-85,6.64E-84
MAGEA11,3.706683183,3.33E-85,6.67E-84
NLRX1,-1.48596549,3.64E-85,7.28E-84
TREH,-1.950511896,1.16E-84,2.32E-83
ECE2,1.688247382,1.63E-84,3.24E-83
CLCN2,1.181388234,2.16E-84,4.28E-83
PLOD2,1.218528356,2.76E-84,5.45E-83
GALNT18,1.467798443,2.90E-84,5.72E-83
CADM2,-2.575946339,3.38E-84,6.65E-83
PRR5L,1.882122801,4.26E-84,8.37E-83
CYP2E1,-2.441484384,4.52E-84,8.87E-83
DDIAS,1.586531107,5.15E-84,1.01E-82
ERCC6L,1.639006315,6.09E-84,1.19E-82
MCEE,-1.059830191,6.42E-84,1.26E-82
GLI1,2.832510558,8.20E-84,1.60E-82
MYO5A,1.29683003,9.26E-84,1.80E-82
SLC26A6,1.16923461,1.04E-83,2.02E-82
POU6F2,2.710025139,1.08E-83,2.10E-82
FBXO5,1.305085289,1.60E-83,3.10E-82
NUP155,1.047922266,1.62E-83,3.13E-82
PRH2,-3.235596511,1.73E-83,3.34E-82
NPAS2,-1.460761697,1.77E-83,3.41E-82
ASXL1,1.114435629,2.56E-83,4.93E-82
MAD2L1,1.609484228,2.62E-83,5.04E-82
NECAB2,3.047622377,3.15E-83,6.03E-82
PPAT,1.072037236,3.54E-83,6.76E-82
GNA12,1.201370004,3.57E-83,6.82E-82
FGF14,-1.710491764,3.78E-83,7.21E-82
CDX1,-2.06057915,4.78E-83,9.09E-82
ACOX2,-1.353815907,5.19E-83,9.85E-82
FCHO2,-1.580760077,5.83E-83,1.11E-81
VASN,-1.398241355,6.39E-83,1.21E-81
LGR5,3.72745439,7.76E-83,1.47E-81
NAT14,1.236062358,8.97E-83,1.69E-81
VPS37B,-1.299280294,9.53E-83,1.80E-81
MAGEA2,3.720186408,1.02E-82,1.93E-81
TNFAIP6,2.185969987,1.38E-82,2.60E-81
CDS1,-1.487589865,1.48E-82,2.79E-81
WWC1,-1.330144201,1.50E-82,2.81E-81
BCL2L15,-2.169296667,2.03E-82,3.79E-81
TSPO2,1.91022377,2.69E-82,5.03E-81
TYMS,1.309289557,3.31E-82,6.16E-81
BEND6,1.450826232,3.42E-82,6.37E-81
PPEF1,2.345179095,5.24E-82,9.71E-81
SLC25A23,-1.379532799,5.59E-82,1.03E-80
ASF1B,1.285473848,7.37E-82,1.36E-80
BCOR,-1.034177914,1.10E-81,2.02E-80
PIK3C2B,-1.073599761,1.96E-81,3.59E-80
PCDH1,-1.640406525,2.01E-81,3.68E-80
TDO2,2.435152,2.09E-81,3.83E-80
SLCO1A2,2.715517744,2.22E-81,4.06E-80
DMRT2,3.262656259,2.34E-81,4.26E-80
NXPE2,-3.558585257,2.49E-81,4.54E-80
RFC5,1.045338032,2.62E-81,4.77E-80
PYGM,-2.465592918,2.68E-81,4.86E-80
ITGB4,1.364123325,2.80E-81,5.07E-80
EIF4E3,-1.514791604,3.61E-81,6.53E-80
OTOA,1.761790915,3.87E-81,6.99E-80
MYO1B,1.619172613,4.22E-81,7.62E-80
SH2D5,2.440328733,6.02E-81,1.08E-79
TECPR1,-1.082916076,6.44E-81,1.16E-79
WNK4,-2.074982638,6.85E-81,1.23E-79
SOCS1,1.545427095,9.36E-81,1.67E-79
PSMD2,1.04367254,1.12E-80,2.01E-79
POP1,1.070701633,1.17E-80,2.08E-79
RIPK4,-1.534796046,1.31E-80,2.34E-79
TYRO3,-1.207604648,1.40E-80,2.49E-79
ITIH5,-2.397153552,1.56E-80,2.77E-79
SYT15,-1.400422447,1.72E-80,3.05E-79
HSPB6,-3.029465365,1.84E-80,3.26E-79
CNIH3,2.127388508,1.95E-80,3.44E-79
ELOVL6,-1.351714587,2.57E-80,4.53E-79
FAM13C,-2.007194876,2.58E-80,4.54E-79
STRIP2,1.714707915,2.62E-80,4.60E-79
CHAF1B,1.117282779,2.93E-80,5.15E-79
ALS2CL,-1.739021394,4.92E-80,8.59E-79
CIPC,-1.112240566,5.99E-80,1.04E-78
KIF1C,-1.150050973,6.45E-80,1.12E-78
C9orf152,-2.856702466,9.07E-80,1.58E-78
ITGAV,1.169437038,1.16E-79,2.01E-78
SAPCD2,1.635704708,1.16E-79,2.01E-78
ANKRD24,-2.273239278,1.20E-79,2.07E-78
RSAD2,2.318328781,1.38E-79,2.39E-78
XPO5,1.036540482,2.02E-79,3.48E-78
PDE6A,-2.020029272,2.03E-79,3.49E-78
SLC44A3,-1.622840852,2.08E-79,3.58E-78
BRIP1,1.596244348,2.11E-79,3.63E-78
CNGA1,-2.047649693,2.79E-79,4.77E-78
RND3,-1.285851742,3.17E-79,5.41E-78
HES5,-2.064048179,3.85E-79,6.56E-78
RBPMS,-1.756706676,7.67E-79,1.30E-77
LTA4H,-1.133433973,7.79E-79,1.32E-77
KLK13,-2.875300163,1.11E-78,1.88E-77
ADCYAP1R1,-2.577877917,1.12E-78,1.89E-77
CHEK2,1.062666155,1.42E-78,2.38E-77
DHCR7,1.651101591,1.44E-78,2.42E-77
GAB2,-1.042824769,2.21E-78,3.71E-77
SORCS1,-2.273659679,2.45E-78,4.09E-77
VOPP1,1.368271643,2.56E-78,4.28E-77
PLAC9,-1.9770537,3.01E-78,5.03E-77
SNRK,-1.02913974,3.11E-78,5.19E-77
ITPKC,-1.420462171,3.30E-78,5.49E-77
MMRN1,-2.554023792,4.30E-78,7.15E-77
PRICKLE4,-1.605452939,4.83E-78,8.02E-77
CEP72,1.055123634,5.04E-78,8.36E-77
TEC,-1.714371124,5.14E-78,8.51E-77
SLC1A4,1.509553916,5.20E-78,8.60E-77
MKI67,1.852806144,8.96E-78,1.48E-76
RORA,-1.479919042,9.59E-78,1.58E-76
FBN2,2.865239742,1.01E-77,1.66E-76
HS3ST1,-1.879942954,1.27E-77,2.08E-76
AJAP1,3.058547119,1.30E-77,2.14E-76
THBS2,1.730573067,1.33E-77,2.18E-76
MACROD2,-1.772789458,1.34E-77,2.20E-76
ACVR1C,2.168826837,2.06E-77,3.36E-76
TJP2,-1.167407841,2.20E-77,3.58E-76
RASSF3,-1.599992177,2.63E-77,4.28E-76
TNFRSF12A,2.018529917,2.70E-77,4.40E-76
TIAM1,-1.503504849,3.48E-77,5.64E-76
PFDN2,1.11121021,4.23E-77,6.85E-76
ETV4,1.780327654,6.69E-77,1.08E-75
BLVRB,-1.404603943,8.02E-77,1.30E-75
BAMBI,2.152506281,8.26E-77,1.33E-75
RTN4R,1.659452383,1.05E-76,1.69E-75
TMEM44,1.339175377,1.19E-76,1.92E-75
CIDEA,-2.865667026,1.83E-76,2.94E-75
KIF11,1.047835393,2.04E-76,3.27E-75
NLN,1.123258851,2.10E-76,3.37E-75
EIF2AK2,1.2243858,3.22E-76,5.14E-75
ITGA11,1.776019554,4.07E-76,6.50E-75
SNX24,-1.198933126,4.15E-76,6.61E-75
XKR4,-2.456259913,4.67E-76,7.43E-75
FCGR3A,2.198419334,4.69E-76,7.46E-75
GKN2,-4.62457138,5.27E-76,8.35E-75
GPX6,-2.196654928,5.97E-76,9.45E-75
LRP10,-1.277238696,6.43E-76,1.02E-74
CFHR4,2.424411638,6.73E-76,1.06E-74
FGF10,-2.063225562,7.21E-76,1.14E-74
GANC,-1.051172037,9.21E-76,1.45E-74
SDS,2.045780869,1.16E-75,1.81E-74
PCSK2,-2.862839118,1.37E-75,2.15E-74
TUSC3,1.430023442,1.51E-75,2.37E-74
PALMD,-1.454845801,1.52E-75,2.37E-74
LIPH,-2.024490303,1.59E-75,2.48E-74
MAMDC2,-2.312982779,1.87E-75,2.91E-74
TMPRSS2,-2.626294689,3.02E-75,4.68E-74
NETO2,1.532343323,3.14E-75,4.86E-74
CNN3,-1.142648105,3.75E-75,5.81E-74
MEX3B,1.789544036,5.56E-75,8.60E-74
POLE2,1.203240138,6.30E-75,9.72E-74
IKZF2,-2.134918814,1.33E-74,2.04E-73
AP3M2,1.004014248,1.42E-74,2.18E-73
NEGR1,-1.96162858,1.49E-74,2.29E-73
MYO10,1.326592998,2.60E-74,3.99E-73
FOXO4,-1.168128612,2.62E-74,4.01E-73
SYNDIG1,2.185554139,3.43E-74,5.24E-73
PRRX2,1.660598427,3.65E-74,5.58E-73
LRFN1,1.359575788,4.35E-74,6.64E-73
HLF,-2.124040837,5.25E-74,8.00E-73
ZFP36,-1.303597326,6.52E-74,9.92E-73
TGM1,-2.583721954,7.13E-74,1.08E-72
CDC7,1.103712063,9.32E-74,1.41E-72
PYGO2,-1.59597428,1.07E-73,1.61E-72
SFRP4,3.16350301,1.24E-73,1.87E-72
CUL3,-1.34209024,1.32E-73,2.00E-72
DUSP2,-1.531533552,1.55E-73,2.33E-72
OR10G8,-1.625943239,1.58E-73,2.38E-72
PLAG1,1.906431734,1.64E-73,2.46E-72
TMEM154,-1.642997303,2.01E-73,3.01E-72
PRSS3,-2.47822979,3.77E-73,5.65E-72
FAM133A,3.562345058,4.86E-73,7.27E-72
PBK,1.644786689,5.11E-73,7.62E-72
C18orf54,1.24385758,6.92E-73,1.03E-71
MRPL47,1.196095505,7.66E-73,1.14E-71
RAB5A,-1.016663749,8.05E-73,1.19E-71
FGF19,3.834922467,8.12E-73,1.20E-71
PARP14,1.06569892,8.33E-73,1.23E-71
NT5C2,-1.160150252,8.88E-73,1.31E-71
LHX2,2.165028618,9.89E-73,1.46E-71
CENPQ,1.073341497,1.30E-72,1.92E-71
CNFN,-2.415970388,1.52E-72,2.24E-71
SLC24A3,-1.755686256,1.74E-72,2.56E-71
AR,-1.579497717,1.76E-72,2.59E-71
XRCC3,1.105121353,1.94E-72,2.83E-71
NETO1,2.078683125,2.17E-72,3.17E-71
PRSS1,-2.896723448,2.38E-72,3.48E-71
PPP4R4,2.67375325,2.91E-72,4.24E-71
CDCA7L,1.345113935,3.07E-72,4.47E-71
CYP2C8,-2.138645025,3.10E-72,4.52E-71
MIEF2,-1.206929554,3.67E-72,5.33E-71
ALDH3A2,-1.188558582,3.80E-72,5.52E-71
PLEKHA7,-1.55870333,4.85E-72,7.03E-71
ORC1,1.333099423,8.76E-72,1.27E-70
MS4A8,-3.108444206,1.77E-71,2.56E-70
RGS5,-1.393994161,1.97E-71,2.85E-70
MSX2,2.380240454,2.00E-71,2.89E-70
MSANTD3,1.328698827,4.55E-71,6.54E-70
KRT32,-1.899219456,5.93E-71,8.51E-70
THOC6,1.010716319,7.24E-71,1.04E-69
ABR,-1.092452248,9.22E-71,1.32E-69
DPT,-2.055173618,9.73E-71,1.39E-69
PLAUR,1.564469226,1.02E-70,1.46E-69
PRIM1,1.069026606,1.04E-70,1.48E-69
HPSE2,-3.064944908,1.05E-70,1.50E-69
TMIE,-1.70607685,1.29E-70,1.83E-69
CPNE8,1.359451934,1.55E-70,2.20E-69
CNTNAP2,2.764035924,1.93E-70,2.73E-69
TTC22,-1.589039616,2.12E-70,2.99E-69
DAAM2,-1.885687115,2.38E-70,3.36E-69
OSBPL10,-1.03415637,2.42E-70,3.41E-69
CLIP1,-1.005713163,2.60E-70,3.66E-69
GALE,-1.513672603,3.09E-70,4.36E-69
SESN2,-1.372735074,3.39E-70,4.77E-69
KREMEN2,2.296567002,3.75E-70,5.27E-69
SECISBP2L,-1.366505611,4.88E-70,6.85E-69
PLXNA2,-1.455241384,6.21E-70,8.71E-69
COBL,-2.072058997,6.81E-70,9.53E-69
ITGA7,-1.630999823,6.96E-70,9.74E-69
PDXP,1.260744179,8.46E-70,1.18E-68
LRRC31,-2.719820814,8.66E-70,1.21E-68
OCLN,-1.95846255,1.08E-69,1.50E-68
LIN9,1.12714742,1.18E-69,1.64E-68
CDT1,1.565227041,1.28E-69,1.78E-68
GKN1,-4.825719306,1.45E-69,2.01E-68
P4HA2,1.178002214,1.59E-69,2.20E-68
EPHA1,-1.358602474,1.67E-69,2.31E-68
ERVMER34-1,1.808070046,1.88E-69,2.59E-68
SLC39A6,1.380064058,2.06E-69,2.82E-68
CCNE2,1.350575207,2.55E-69,3.50E-68
CDSN,3.285493924,2.90E-69,3.98E-68
MUC15,-2.41525621,2.99E-69,4.10E-68
SELENBP1,-1.830159646,3.02E-69,4.12E-68
RNASE4,-1.676086928,3.17E-69,4.33E-68
CTSK,1.774215672,3.89E-69,5.31E-68
SPINT1,-1.291221794,3.91E-69,5.33E-68
FOXL1,2.018123945,4.20E-69,5.71E-68
CELSR3,1.777684411,4.93E-69,6.70E-68
SERPINB2,-2.56525308,8.64E-69,1.17E-67
ACVR1,1.027934918,9.36E-69,1.27E-67
ALAD,-1.000728035,1.18E-68,1.59E-67
MINPP1,1.3411691,1.36E-68,1.83E-67
TICRR,1.21819273,1.70E-68,2.29E-67
MYL5,-1.45980687,1.73E-68,2.32E-67
FOXL2,2.517891588,2.25E-68,3.02E-67
ZG16B,-3.31747034,2.40E-68,3.23E-67
EPOP,1.677382668,2.46E-68,3.30E-67
MBD2,-1.519598428,2.58E-68,3.45E-67
ARHGEF39,1.265628539,2.91E-68,3.89E-67
BEX4,-1.590210628,4.29E-68,5.71E-67
MFHAS1,1.460159056,4.90E-68,6.52E-67
RFC3,1.256341645,4.91E-68,6.52E-67
RPL39L,1.585160121,5.51E-68,7.30E-67
TST,-1.266304034,6.71E-68,8.87E-67
SLC2A1,1.519009483,8.25E-68,1.09E-66
DAPP1,-1.556032745,8.69E-68,1.15E-66
CSRP1,-1.334088543,9.41E-68,1.24E-66
NRSN2,1.032604636,1.09E-67,1.44E-66
FGF5,-1.54958974,1.25E-67,1.65E-66
UAP1L1,1.305317677,1.26E-67,1.66E-66
GREM2,-2.02564326,1.44E-67,1.89E-66
EHF,-1.987691214,1.78E-67,2.33E-66
PRSS21,2.917919261,1.80E-67,2.35E-66
GNAO1,-1.669307183,1.93E-67,2.52E-66
SSC4D,1.479314824,2.13E-67,2.77E-66
NMB,1.63744973,2.34E-67,3.05E-66
DDAH1,-1.447360197,2.88E-67,3.75E-66
PDZRN4,-2.44614894,2.91E-67,3.79E-66
PGBD5,2.078966776,3.10E-67,4.03E-66
CYP2C18,-2.371848989,3.12E-67,4.05E-66
APOLD1,-1.332129565,3.22E-67,4.18E-66
FBXL16,-1.72173034,3.26E-67,4.22E-66
ESAM,-1.122891856,3.89E-67,5.04E-66
MYOZ1,-2.157110396,4.36E-67,5.63E-66
ZPLD1,2.255856245,4.38E-67,5.65E-66
LAGE3,1.119231609,4.65E-67,5.99E-66
SAC3D1,1.132702198,5.06E-67,6.52E-66
L3HYPDH,1.147494801,5.15E-67,6.63E-66
SCN8A,1.984825502,5.85E-67,7.52E-66
PLLP,-1.768864536,6.04E-67,7.75E-66
NCAPD2,1.036960972,7.13E-67,9.14E-66
CRISP2,-3.024219179,1.32E-66,1.69E-65
CNTN5,2.774512178,1.42E-66,1.82E-65
ZNF367,1.227303298,1.44E-66,1.84E-65
SCARB1,1.23612537,1.49E-66,1.90E-65
MPPED1,3.094777712,1.51E-66,1.92E-65
KCNS3,1.579125171,1.59E-66,2.02E-65
RGS14,-1.099211007,1.60E-66,2.04E-65
CXCL10,2.504205566,1.87E-66,2.37E-65
C3orf20,-1.858742238,2.10E-66,2.66E-65
IKBIP,1.314423808,2.19E-66,2.77E-65
CHST7,1.606552559,2.39E-66,3.02E-65
PRR9,3.98981711,2.88E-66,3.64E-65
KIF15,1.241794457,3.92E-66,4.95E-65
COBLL1,-1.209954211,4.48E-66,5.64E-65
KRT4,-2.962107746,5.86E-66,7.37E-65
PSRC1,1.077314263,6.02E-66,7.57E-65
TMEM185B,1.124228633,7.75E-66,9.72E-65
GCHFR,-1.177447432,7.89E-66,9.89E-65
COA6,1.173627407,8.02E-66,1.00E-64
ZNF280C,1.115052491,8.12E-66,1.02E-64
RSPO2,-2.441557745,9.25E-66,1.15E-64
CYP4B1,-2.991115342,9.57E-66,1.19E-64
DNASE1L3,-2.377203606,9.76E-66,1.22E-64
NFE2L3,1.420254483,1.07E-65,1.34E-64
NEBL,-1.758041143,1.30E-65,1.61E-64
HMGCS2,-3.109657212,1.75E-65,2.18E-64
TGIF2,1.300264939,1.76E-65,2.18E-64
TMEM38B,1.199415092,1.89E-65,2.34E-64
SLCO2A1,-1.496603859,1.94E-65,2.40E-64
FADS3,1.290007629,2.27E-65,2.81E-64
SPRY4,1.36729133,2.37E-65,2.92E-64
HAUS8,1.060814238,2.46E-65,3.04E-64
CPPED1,-1.486263073,2.81E-65,3.46E-64
CHAD,-1.970424056,3.08E-65,3.79E-64
RNF213,1.279353085,3.22E-65,3.96E-64
LAMB1,1.102966029,4.31E-65,5.28E-64
STXBP5,-1.020849693,6.14E-65,7.50E-64
RPL3L,2.087573966,7.40E-65,9.02E-64
NPBWR1,2.415621062,7.66E-65,9.32E-64
HLA-C,1.132663053,9.44E-65,1.15E-63
C6orf58,-4.046462188,1.23E-64,1.49E-63
CLN8,-1.243387116,1.23E-64,1.50E-63
CHST11,1.780718859,1.24E-64,1.51E-63
PCP4,-2.79090862,1.39E-64,1.68E-63
AIM2,2.387481999,1.55E-64,1.86E-63
FBXO43,1.810874854,1.70E-64,2.04E-63
C21orf62,-1.780024598,1.71E-64,2.05E-63
MFSD2B,-1.111918967,1.79E-64,2.15E-63
GPX7,1.624895347,2.19E-64,2.63E-63
CCDC69,-1.890100139,2.84E-64,3.40E-63
SCGB2A2,-3.624983042,3.11E-64,3.72E-63
TCF21,-1.906855433,3.46E-64,4.13E-63
ANO10,-1.082708261,3.76E-64,4.48E-63
NAAA,-1.245916725,3.83E-64,4.56E-63
MAGEA1,3.680779034,4.26E-64,5.07E-63
KCNMB3,1.469981619,4.33E-64,5.16E-63
ZNF449,-1.612053248,4.55E-64,5.40E-63
PIM1,-1.397691655,5.42E-64,6.43E-63
EVPLL,-2.026279021,7.96E-64,9.42E-63
EXOSC4,1.095284528,8.35E-64,9.88E-63
SYNM,-2.336396135,1.03E-63,1.22E-62
HTR1E,-2.507908251,1.05E-63,1.24E-62
ZNF750,-1.817100502,1.12E-63,1.32E-62
COCH,2.5873277,1.38E-63,1.62E-62
LMOD1,-2.276976596,1.97E-63,2.31E-62
MFSD5,-1.014100913,2.23E-63,2.62E-62
TSPAN6,-1.20494984,2.71E-63,3.17E-62
MYOC,-3.553921229,3.44E-63,4.03E-62
PANX1,1.180606853,3.65E-63,4.27E-62
FAM25A,-2.589104128,4.60E-63,5.38E-62
RALGPS2,-1.310504354,4.65E-63,5.44E-62
SLC10A5,-2.269409688,4.97E-63,5.80E-62
PAX9,-2.177859831,6.45E-63,7.50E-62
CITED2,-1.29695634,6.97E-63,8.08E-62
CRCT1,-2.627514654,7.33E-63,8.50E-62
TMSB15A,2.524597927,7.77E-63,8.99E-62
ESCO2,1.458877603,1.01E-62,1.16E-61
IL31RA,2.054516101,1.49E-62,1.72E-61
PDE8B,-1.351276789,1.87E-62,2.15E-61
CBX7,-1.347573813,2.06E-62,2.37E-61
PHYHIPL,-1.787390091,2.33E-62,2.68E-61
NID2,1.543176997,2.76E-62,3.17E-61
NRCAM,2.504781715,3.50E-62,4.01E-61
PIGN,-1.074934476,3.53E-62,4.04E-61
IGF2BP3,-1.914784072,3.53E-62,4.04E-61
LMO2,-1.212366318,3.97E-62,4.54E-61
IRS1,1.35432572,4.02E-62,4.58E-61
SPRR3,-2.717234435,4.09E-62,4.66E-61
SPOCK1,1.878737462,4.34E-62,4.95E-61
SH3BGR,-1.581964827,4.40E-62,5.01E-61
BASP1,1.319400144,5.45E-62,6.18E-61
TMEM177,1.142550481,6.41E-62,7.27E-61
TYMP,1.070276525,7.66E-62,8.68E-61
AQP3,-2.010849951,9.54E-62,1.08E-60
IFITM1,1.245795717,1.13E-61,1.28E-60
ASPN,1.961394579,1.17E-61,1.32E-60
PNPLA1,2.660781054,1.22E-61,1.37E-60
HOXD8,1.337656329,1.23E-61,1.38E-60
BRCA2,1.120908192,1.23E-61,1.38E-60
PTCHD1,-2.332993849,1.37E-61,1.54E-60
CHP2,2.63063166,1.76E-61,1.98E-60
SDK1,1.762392689,2.05E-61,2.29E-60
PACSIN1,-1.989444867,2.06E-61,2.31E-60
SCIN,-1.897310683,2.29E-61,2.56E-60
CA9,2.89912879,2.68E-61,3.00E-60
MAGEC1,3.654394805,2.69E-61,3.01E-60
TPRG1,-2.079698443,3.70E-61,4.12E-60
IFI35,1.533330038,3.89E-61,4.33E-60
CSRNP1,-1.251651706,4.61E-61,5.13E-60
CLDN17,-2.908278375,4.80E-61,5.33E-60
AMIGO2,1.695908914,5.00E-61,5.55E-60
FAM135A,-1.381775742,5.14E-61,5.70E-60
SERPINB13,-2.086350824,5.58E-61,6.17E-60
UNC13B,-1.091509946,5.80E-61,6.41E-60
ATAD2,1.307943207,5.89E-61,6.51E-60
CENPH,1.142934257,6.18E-61,6.82E-60
DLX5,1.975208605,7.61E-61,8.39E-60
TF,-2.451234437,9.25E-61,1.02E-59
SLC6A2,2.113737849,1.03E-60,1.13E-59
MUC7,-2.974972601,1.61E-60,1.76E-59
MRPL21,1.274038328,1.93E-60,2.11E-59
CFP,-1.252596714,1.96E-60,2.14E-59
KLHDC8B,-1.162248342,2.10E-60,2.29E-59
SLC7A11,2.320104976,2.39E-60,2.60E-59
SHCBP1,1.382105247,2.59E-60,2.82E-59
TACSTD2,-1.414554001,2.85E-60,3.10E-59
SLC9A9,-1.427326374,3.66E-60,3.97E-59
KDELR3,1.554946258,4.18E-60,4.54E-59
HOXB13,3.08630878,4.51E-60,4.88E-59
WFDC1,-1.641885085,4.51E-60,4.89E-59
LDLRAD2,-1.64345561,6.81E-60,7.36E-59
LRRC46,-1.393321309,8.07E-60,8.71E-59
NKX2-1,2.568493828,8.36E-60,9.01E-59
CLDN7,-1.731506205,9.36E-60,1.01E-58
NLRP7,2.184291234,1.13E-59,1.21E-58
MAST4,-1.044027533,1.18E-59,1.26E-58
MYO5B,-1.543521081,1.20E-59,1.28E-58
GPR50,2.991862276,1.70E-59,1.81E-58
CCDC71L,1.035838872,1.76E-59,1.88E-58
B3GNT6,-2.491512506,1.78E-59,1.89E-58
RCOR2,1.670021072,2.18E-59,2.32E-58
ETV5,1.776668309,2.22E-59,2.36E-58
SLC12A8,1.278062162,2.24E-59,2.38E-58
C7orf57,-1.947140743,2.24E-59,2.38E-58
MAB21L3,-2.252717005,2.49E-59,2.65E-58
DDHD1,1.139090513,2.96E-59,3.14E-58
CCDC178,-1.694505396,3.27E-59,3.46E-58
FOXC1,1.487633394,3.70E-59,3.92E-58
GRHL1,-1.732527775,3.94E-59,4.17E-58
EPCAM,1.628505088,4.17E-59,4.41E-58
GLTP,-1.158662074,5.00E-59,5.27E-58
CDH8,1.726397658,5.52E-59,5.82E-58
GC,-3.22371436,5.63E-59,5.94E-58
RASAL1,-1.652095981,6.18E-59,6.51E-58
OTX1,1.475776033,6.55E-59,6.89E-58
TMEM200A,1.776387056,6.79E-59,7.13E-58
SPRY1,-1.128727264,6.96E-59,7.30E-58
SLC22A4,1.257193503,7.88E-59,8.25E-58
GBP1,1.523150275,8.68E-59,9.08E-58
MTMR10,-1.405046679,9.32E-59,9.75E-58
BDH2,-1.095526734,9.98E-59,1.04E-57
RAB27B,-1.410055576,1.12E-58,1.17E-57
PKHD1L1,-1.89729458,1.18E-58,1.23E-57
KRTAP4-1,-2.322612717,1.19E-58,1.24E-57
LAMP3,1.682879173,1.20E-58,1.25E-57
RUNDC3B,-1.562593454,1.89E-58,1.95E-57
GATM,-1.636306969,2.03E-58,2.10E-57
F2RL2,1.924476317,2.34E-58,2.42E-57
VSIG10,-1.499327982,2.40E-58,2.48E-57
GPR84,1.327421883,2.65E-58,2.73E-57
SLC16A1,1.355778013,2.78E-58,2.86E-57
KCND2,1.420364182,2.94E-58,3.02E-57
CASP14,3.253208531,3.10E-58,3.18E-57
CLDN20,2.540508663,3.72E-58,3.82E-57
MECOM,-1.560087177,5.72E-58,5.84E-57
DCLK1,-2.059487329,5.82E-58,5.93E-57
TCHHL1,2.625014405,5.83E-58,5.94E-57
GABRR1,2.137612249,6.97E-58,7.10E-57
VAT1,-1.257087774,7.10E-58,7.22E-57
SIX2,2.262922332,7.21E-58,7.33E-57
DYNLT3,-1.2019683,7.69E-58,7.80E-57
NXPE4,-2.816693078,7.68E-58,7.80E-57
KLK12,-2.61858968,8.34E-58,8.46E-57
RGS7BP,-1.647373656,9.19E-58,9.31E-57
PCOLCE,1.440124027,9.35E-58,9.47E-57
DIAPH3,1.016636059,9.77E-58,9.89E-57
ANKS1B,-1.715136634,1.03E-57,1.04E-56
CAPZB,-1.386274364,1.06E-57,1.07E-56
ANKRD22,-1.596333618,1.33E-57,1.34E-56
MYOM1,-1.817376508,1.44E-57,1.45E-56
DSPP,1.96248827,1.45E-57,1.45E-56
QSOX1,-1.001079269,1.71E-57,1.72E-56
MUC5B,-3.177685027,2.02E-57,2.03E-56
NUSAP1,1.099953193,2.29E-57,2.30E-56
PHACTR4,-1.03109969,2.31E-57,2.31E-56
DENND2D,-1.067467595,3.44E-57,3.43E-56
CH25H,-1.860364202,3.47E-57,3.46E-56
MAGEA3,3.96556835,4.03E-57,4.01E-56
MAGEB2,3.309800812,4.28E-57,4.26E-56
PPFIBP2,-1.252231862,4.43E-57,4.41E-56
TP63,1.389373369,5.82E-57,5.78E-56
GPNMB,1.390942843,6.25E-57,6.19E-56
SLC2A6,1.607759934,6.45E-57,6.39E-56
RUSC2,-1.182719,8.06E-57,7.96E-56
MPC1,-1.058024944,8.81E-57,8.69E-56
C6,-1.803524053,9.02E-57,8.89E-56
CAV2,1.109297439,9.12E-57,8.99E-56
SPATA17,1.811280674,9.82E-57,9.67E-56
SKA3,1.326447131,1.08E-56,1.06E-55
CASK,1.005982484,1.16E-56,1.13E-55
RNFT2,1.846596512,1.22E-56,1.19E-55
MED30,1.039638084,1.40E-56,1.37E-55
ACKR1,-2.491068929,1.67E-56,1.64E-55
ARHGAP40,-2.068572771,1.73E-56,1.70E-55
KCNMB1,-1.661924662,1.81E-56,1.77E-55
PDE7A,1.318669971,2.06E-56,2.01E-55
GAS7,-1.321008085,2.22E-56,2.17E-55
MTURN,-1.430178248,2.49E-56,2.43E-55
GSC,1.976049512,2.54E-56,2.48E-55
PROCR,1.34177569,2.57E-56,2.50E-55
C6orf15,2.984633743,3.29E-56,3.20E-55
KCNMB2,1.412552008,3.39E-56,3.30E-55
IFIT1,1.811134656,3.83E-56,3.72E-55
ANO5,-2.049965594,3.96E-56,3.84E-55
GLA,1.129024856,4.09E-56,3.96E-55
HERC5,1.649475205,5.74E-56,5.55E-55
GIPC1,-1.015287639,6.04E-56,5.83E-55
P2RX3,-1.759310587,6.05E-56,5.83E-55
ACACB,-1.610968149,6.76E-56,6.51E-55
LHFPL2,1.144101945,7.10E-56,6.84E-55
PDZD2,-1.466748256,7.73E-56,7.43E-55
FAM163B,-1.967861123,9.99E-56,9.59E-55
BOLL,1.552763017,1.13E-55,1.08E-54
MARVELD3,1.230637002,1.13E-55,1.09E-54
CGN,-1.507665003,1.29E-55,1.23E-54
TAP1,1.099084976,1.41E-55,1.34E-54
BHLHE40,-1.003032024,1.58E-55,1.51E-54
PLEKHN1,-1.312853996,1.72E-55,1.64E-54
PI16,-2.785732677,1.84E-55,1.75E-54
GAB1,-1.469444332,1.90E-55,1.81E-54
KBTBD3,-1.142015372,1.98E-55,1.89E-54
CYP2C9,-2.442971701,2.30E-55,2.18E-54
PPT1,1.24926095,2.38E-55,2.26E-54
ASPRV1,2.619385241,2.61E-55,2.47E-54
WNT11,2.371522021,3.10E-55,2.94E-54
CFTR,-2.079970253,3.19E-55,3.01E-54
SOX17,-1.458158713,3.26E-55,3.08E-54
CTSZ,1.107983501,3.42E-55,3.23E-54
CD1C,-1.625911994,5.23E-55,4.92E-54
BRS3,-1.738068321,5.81E-55,5.46E-54
BPIFB6,-2.380185352,5.86E-55,5.50E-54
FUT3,-1.67343884,8.36E-55,7.82E-54
TESMIN,2.006320481,8.80E-55,8.23E-54
SLC6A4,-2.473005207,8.98E-55,8.38E-54
PLK4,1.195773868,9.75E-55,9.10E-54
RABGGTA,-1.010016286,1.01E-54,9.41E-54
SLC11A1,2.072600622,1.09E-54,1.02E-53
C14orf180,-1.364701083,1.24E-54,1.16E-53
SPHKAP,-1.944366139,1.30E-54,1.20E-53
VEPH1,1.51573786,1.69E-54,1.57E-53
SLC43A2,1.295410036,1.99E-54,1.84E-53
MME,2.240795102,2.63E-54,2.43E-53
INPP1,-1.285241858,3.57E-54,3.28E-53
PLOD3,1.126537691,4.18E-54,3.84E-53
ATP4B,-3.36755168,4.29E-54,3.94E-53
GAREM2,1.490935144,4.47E-54,4.09E-53
CACNB2,-2.007700905,4.64E-54,4.25E-53
SMTN,-1.305390257,4.75E-54,4.34E-53
NTRK3,-1.750545665,4.82E-54,4.41E-53
MXRA5,1.556273972,7.60E-54,6.93E-53
ELF3,-1.663165076,8.08E-54,7.37E-53
SLC7A4,-1.974254957,8.96E-54,8.16E-53
NPEPPS,-1.071319187,9.03E-54,8.21E-53
TOM1,-1.085160278,9.15E-54,8.32E-53
IL32,1.140008612,1.20E-53,1.09E-52
CNKSR3,-1.147476632,1.35E-53,1.23E-52
TFF2,-3.678573865,1.44E-53,1.30E-52
NEB,1.684283633,1.55E-53,1.40E-52
RBP7,-1.690946844,1.75E-53,1.59E-52
HIGD1A,-1.276320578,1.78E-53,1.61E-52
PKD2L1,1.652521025,2.01E-53,1.81E-52
KLK11,-1.913402466,2.05E-53,1.85E-52
PRTFDC1,1.48593499,2.25E-53,2.02E-52
NRG1,2.003901391,2.36E-53,2.12E-52
SMKR1,1.735340771,2.70E-53,2.42E-52
LRRC26,-2.493782043,3.06E-53,2.74E-52
ABLIM2,-1.640712795,3.16E-53,2.83E-52
ENO2,1.411742138,3.24E-53,2.90E-52
MYOCD,-2.240243707,3.35E-53,3.00E-52
NDST1,-1.055489667,3.48E-53,3.10E-52
ELL2,-1.102669125,3.88E-53,3.46E-52
YIPF7,-2.239329432,4.32E-53,3.84E-52
XPNPEP2,-2.085168368,4.76E-53,4.23E-52
NAV1,1.143074294,6.69E-53,5.95E-52
PTH2R,2.901526144,6.85E-53,6.09E-52
TRPM2,1.39995937,9.67E-53,8.56E-52
SYTL1,-1.191005399,1.01E-52,8.93E-52
ABCA6,-1.451136053,1.06E-52,9.37E-52
PYCR1,1.58707801,1.06E-52,9.39E-52
SRL,-1.522520704,1.10E-52,9.71E-52
S100A9,-1.880042946,1.10E-52,9.71E-52
CHRDL1,-2.320315347,1.13E-52,9.94E-52
OASL,1.988753633,1.28E-52,1.13E-51
KLK14,2.621995936,1.97E-52,1.73E-51
TIMP1,1.291583995,2.26E-52,1.98E-51
TRPV3,2.183772222,2.39E-52,2.09E-51
LCE2A,3.473681202,2.94E-52,2.57E-51
CTSG,-1.73937705,3.04E-52,2.65E-51
GNE,-1.086615555,3.24E-52,2.83E-51
MYH11,-2.06720288,3.57E-52,3.12E-51
CFL2,-1.361212767,3.66E-52,3.19E-51
ANK2,-2.142336401,3.80E-52,3.31E-51
MXRA8,1.33605487,4.17E-52,3.63E-51
DDX60,1.604812222,5.49E-52,4.78E-51
MUSK,-1.388147107,6.76E-52,5.87E-51
ACKR3,1.555550596,6.98E-52,6.05E-51
HENMT1,1.380975363,7.50E-52,6.49E-51
SPARC,1.191450463,7.80E-52,6.75E-51
TET2,-1.107995457,1.09E-51,9.41E-51
GRIA3,-1.81809564,1.20E-51,1.03E-50
LYVE1,-2.069816437,1.21E-51,1.04E-50
HRC,-1.676572896,1.22E-51,1.05E-50
PIGR,-3.240174645,1.30E-51,1.12E-50
ALCAM,1.46385702,1.39E-51,1.19E-50
ZNF540,-1.243733686,1.50E-51,1.29E-50
SPRR2D,-2.023676933,1.52E-51,1.31E-50
UCP3,-1.666474024,1.72E-51,1.47E-50
LAYN,1.306443726,2.00E-51,1.72E-50
MAP3K20,1.286791401,2.38E-51,2.04E-50
COL9A2,1.892260866,2.86E-51,2.44E-50
ANGEL1,1.108800464,3.08E-51,2.63E-50
FBXO41,1.232756293,3.41E-51,2.91E-50
AZIN2,1.0857604,3.50E-51,2.98E-50
NOCT,1.369212555,3.98E-51,3.38E-50
ANTXR1,1.157685662,4.08E-51,3.47E-50
ANGPTL5,-1.985152794,4.29E-51,3.65E-50
NOS2,2.426684321,4.52E-51,3.83E-50
PGC,-3.646355721,4.73E-51,4.01E-50
ATP10B,-1.918808728,5.38E-51,4.56E-50
CAPN8,-2.56162533,5.46E-51,4.62E-50
OR7E24,-2.022541041,6.58E-51,5.55E-50
IDO1,2.226524541,9.00E-51,7.58E-50
TMPRSS11A,-2.405611043,9.57E-51,8.05E-50
FBLIM1,1.189390154,1.06E-50,8.94E-50
ITLN1,-2.870683254,1.26E-50,1.06E-49
SPRR2A,-2.009953986,1.44E-50,1.21E-49
DTX2,-1.020104037,1.59E-50,1.33E-49
RFLNB,1.27075005,1.65E-50,1.38E-49
CDC25A,1.220642724,1.89E-50,1.58E-49
RASAL2,-1.04904899,2.30E-50,1.92E-49
SYT12,1.799981696,2.59E-50,2.17E-49
SMTNL2,-1.841172594,2.64E-50,2.20E-49
FOS,-1.484944093,3.08E-50,2.57E-49
PROC,1.680375184,3.34E-50,2.78E-49
UBE2L6,1.09820291,3.63E-50,3.02E-49
NEXN,-1.434283677,5.36E-50,4.45E-49
ATP1B1,-1.050834011,5.93E-50,4.93E-49
C12orf75,1.41882794,5.97E-50,4.95E-49
FOXE1,1.809893052,6.71E-50,5.56E-49
ZGRF1,1.292303291,7.23E-50,5.98E-49
SH2D4A,-1.051347912,7.42E-50,6.13E-49
EFNB1,1.415020604,7.56E-50,6.24E-49
RUNDC3A,1.492254228,8.95E-50,7.38E-49
SLC2A4,-1.857474105,1.16E-49,9.57E-49
CHIA,-2.791035927,1.36E-49,1.12E-48
KCNQ4,-2.00670312,2.22E-49,1.82E-48
FRMD4B,-1.380838158,2.29E-49,1.87E-48
STX19,-1.349881788,2.55E-49,2.08E-48
EFNA1,1.088021148,2.59E-49,2.11E-48
COL5A3,1.762416967,2.73E-49,2.22E-48
LMNB1,1.109283578,3.47E-49,2.81E-48
LYPD3,-1.666021068,3.87E-49,3.14E-48
SLC39A10,1.164353147,4.43E-49,3.59E-48
SULT2A1,-2.02322744,4.53E-49,3.67E-48
C1QTNF2,-1.157321019,4.92E-49,3.97E-48
CADM3,-1.870367034,4.96E-49,4.00E-48
CCR8,1.650502911,5.37E-49,4.34E-48
PLCD4,-1.31768935,5.72E-49,4.61E-48
MADCAM1,-1.880760054,8.69E-49,7.00E-48
SLC6A15,2.100742482,1.04E-48,8.35E-48
ANGPTL7,-1.957025746,1.28E-48,1.03E-47
RTP4,1.593807747,1.40E-48,1.13E-47
CNGA3,-2.09415383,1.62E-48,1.30E-47
TXNRD1,1.656454317,1.68E-48,1.35E-47
COL6A1,1.261569509,1.69E-48,1.35E-47
ARHGEF9,-1.048328352,1.84E-48,1.47E-47
PCDHGC5,1.90388081,1.96E-48,1.56E-47
EPGN,-2.372226226,2.04E-48,1.62E-47
C10orf55,1.405263751,2.21E-48,1.76E-47
TRIM59,1.105378081,2.36E-48,1.88E-47
DMGDH,-1.48064624,2.39E-48,1.90E-47
TRIM29,-1.290337312,2.48E-48,1.97E-47
HTR4,-1.371780723,2.92E-48,2.32E-47
CAPS2,-1.16764031,3.36E-48,2.66E-47
CDH17,-1.527803172,3.95E-48,3.13E-47
CCL19,-2.294272732,4.05E-48,3.21E-47
CDH15,1.520533029,4.37E-48,3.46E-47
ABCA4,2.30287751,4.97E-48,3.92E-47
CHSY3,1.285330673,5.94E-48,4.68E-47
ARHGAP20,-1.31825138,8.07E-48,6.34E-47
MACC1,-1.580449105,8.09E-48,6.35E-47
IFIT2,1.617458469,9.53E-48,7.48E-47
PLD1,-1.133056701,1.02E-47,8.02E-47
LGALS4,-2.535898667,1.20E-47,9.42E-47
PLXNC1,1.191731367,1.28E-47,1.00E-46
KPRP,-2.364407156,1.51E-47,1.18E-46
TTR,-2.210956864,1.61E-47,1.25E-46
GRIA2,-2.072125942,1.69E-47,1.32E-46
GPR157,-1.233442057,1.95E-47,1.52E-46
B3GNT9,1.076353255,2.33E-47,1.81E-46
CENPK,1.044611106,2.62E-47,2.04E-46
SLC26A2,-1.096165085,2.81E-47,2.18E-46
CCL7,2.421583396,3.35E-47,2.60E-46
MYL9,-1.488210194,4.24E-47,3.28E-46
CCNG2,-1.043866061,4.65E-47,3.59E-46
NASP,1.009596664,7.55E-47,5.82E-46
PRB1,-1.95702155,8.64E-47,6.65E-46
MYLK,-1.385526104,8.71E-47,6.71E-46
ADGRB3,-1.603089015,8.84E-47,6.80E-46
MYO6,-1.126158518,1.11E-46,8.54E-46
XKR9,1.84162108,1.13E-46,8.70E-46
ATP6V0A4,-2.146355835,1.31E-46,1.00E-45
CD1E,-1.849222363,1.35E-46,1.03E-45
SLC39A4,1.000225082,1.39E-46,1.06E-45
PLEKHA6,-1.364857391,2.06E-46,1.57E-45
PLEKHA5,-1.072910879,2.26E-46,1.72E-45
CHRM1,-2.318157489,2.29E-46,1.74E-45
RRAD,-1.92208762,2.51E-46,1.91E-45
SLC13A5,2.41954585,2.71E-46,2.06E-45
NPC1L1,-1.37611157,2.80E-46,2.12E-45
ZP3,1.105928561,3.27E-46,2.47E-45
TNFRSF4,1.291775613,3.36E-46,2.53E-45
CCNB1,1.062036675,3.48E-46,2.63E-45
NCF2,1.282663574,3.67E-46,2.76E-45
AKAP12,-1.524713297,3.68E-46,2.77E-45
MAGI1,-1.19139015,3.72E-46,2.80E-45
DYNC1I1,1.598884999,3.76E-46,2.83E-45
MT1A,-2.483833547,3.84E-46,2.89E-45
SLIT3,-1.254798977,3.93E-46,2.95E-45
ECHDC3,-1.786662739,4.36E-46,3.27E-45
NKD2,1.385284664,4.42E-46,3.31E-45
PHACTR2,-1.433704307,5.76E-46,4.32E-45
PTTG1,1.030798088,5.92E-46,4.44E-45
DMP1,1.405651943,6.11E-46,4.58E-45
ABI3BP,-1.897552453,6.22E-46,4.66E-45
CWH43,-2.420262992,9.76E-46,7.27E-45
ADGRG6,-1.304309867,1.03E-45,7.63E-45
PPP1R14C,1.43539004,1.04E-45,7.76E-45
SLAMF8,1.305688957,1.07E-45,7.97E-45
PPP1R14A,-1.363282815,1.08E-45,8.03E-45
IL6ST,-1.069640476,1.22E-45,9.04E-45
ITPR1,-1.130477144,1.38E-45,1.02E-44
GALNT16,-1.701038733,1.43E-45,1.06E-44
CHST2,1.717224222,1.59E-45,1.17E-44
PHYHD1,-1.799357336,1.60E-45,1.18E-44
TCHH,2.144629459,1.85E-45,1.37E-44
ST8SIA2,2.15767041,2.10E-45,1.55E-44
DVL3,1.011049398,2.27E-45,1.68E-44
CLDN4,-1.397708392,2.29E-45,1.69E-44
MYO7A,1.303734049,2.30E-45,1.70E-44
PTPRZ1,1.544113682,2.30E-45,1.70E-44
TCN1,-2.636250638,2.31E-45,1.70E-44
EGR1,-1.140313619,2.41E-45,1.77E-44
KIAA1549L,1.718972718,2.52E-45,1.85E-44
GCNT3,-2.116193859,2.53E-45,1.86E-44
CD1A,-1.601767734,2.66E-45,1.95E-44
RECQL4,1.156599496,3.00E-45,2.20E-44
OGDHL,2.376076465,3.23E-45,2.36E-44
B3GNT8,-1.093808495,3.36E-45,2.46E-44
RNF208,-1.423287006,3.54E-45,2.59E-44
DDN,1.505295014,3.60E-45,2.63E-44
MMP8,2.058513382,3.74E-45,2.73E-44
CHRNA6,1.474287642,4.92E-45,3.58E-44
RNASE7,-2.317300644,4.92E-45,3.58E-44
NCBP2,1.028409505,6.16E-45,4.46E-44
TNS2,-1.178824868,6.49E-45,4.71E-44
SERPINB3,-1.977587498,6.95E-45,5.04E-44
BHMT2,-1.60136449,7.31E-45,5.29E-44
ACADSB,-1.057235259,8.19E-45,5.92E-44
KANK4,2.088918171,9.81E-45,7.08E-44
APOD,-2.029601235,9.82E-45,7.09E-44
SOHLH1,2.523782454,1.15E-44,8.26E-44
KLF9,-1.147859997,1.17E-44,8.42E-44
AOX1,-1.685811959,1.26E-44,9.04E-44
SPACA4,-1.826638705,1.34E-44,9.64E-44
CRNN,-2.40340802,1.42E-44,1.02E-43
SESTD1,-1.180836379,1.45E-44,1.04E-43
RECK,-1.282001003,1.50E-44,1.07E-43
KIF24,1.210592436,1.51E-44,1.08E-43
MRPS17,1.055148422,1.79E-44,1.28E-43
PKIB,-1.824710551,1.89E-44,1.35E-43
ACSM3,-1.560938891,1.90E-44,1.36E-43
EIF5A2,1.121279292,2.07E-44,1.48E-43
ANO4,1.947674752,2.10E-44,1.50E-43
GPR12,-1.776948527,2.24E-44,1.60E-43
STRA8,2.325997066,2.52E-44,1.80E-43
SEC61G,1.004417546,2.62E-44,1.87E-43
TMEM201,1.136401324,2.91E-44,2.07E-43
IL2RA,1.684880345,3.10E-44,2.20E-43
OR5AS1,-1.141466122,3.35E-44,2.38E-43
TMEM97,1.19691217,3.67E-44,2.61E-43
KIAA0319,2.445827079,4.18E-44,2.96E-43
EPSTI1,1.392648636,4.62E-44,3.27E-43
GLI2,1.756394182,4.95E-44,3.50E-43
PAX1,-2.500426558,5.26E-44,3.72E-43
KRT15,-1.63353651,5.43E-44,3.84E-43
TACR1,-1.413495313,6.07E-44,4.28E-43
CDH13,1.429210608,6.55E-44,4.61E-43
NRIP3,1.191977656,6.90E-44,4.85E-43
PDGFRB,1.138996832,6.94E-44,4.88E-43
FLNC,-1.937776351,7.17E-44,5.04E-43
TNFSF10,1.58739284,7.91E-44,5.56E-43
NTRK2,2.339005394,8.75E-44,6.14E-43
MAL2,-1.280930783,9.05E-44,6.34E-43
IGFL1,-2.16250308,9.78E-44,6.84E-43
PSPH,1.131543766,1.18E-43,8.23E-43
RGS16,1.259000285,1.21E-43,8.44E-43
SLC16A10,1.216457459,1.23E-43,8.57E-43
RAB31,1.020375086,1.43E-43,9.95E-43
B3GNT3,-1.44953951,1.50E-43,1.04E-42
SLC6A8,1.159087281,1.51E-43,1.05E-42
COL6A3,1.712190403,1.61E-43,1.12E-42
PRDM16,-1.584399372,2.14E-43,1.49E-42
KCNG3,1.93298491,2.24E-43,1.55E-42
MCM10,1.15148322,2.28E-43,1.58E-42
MYO5C,-1.46013229,2.40E-43,1.66E-42
GADD45B,-1.188385816,3.55E-43,2.45E-42
RNF175,1.311778689,3.94E-43,2.71E-42
ALDH2,-1.000578625,5.72E-43,3.93E-42
SCGB3A1,-2.325994132,5.78E-43,3.98E-42
SAMD15,1.43066774,6.07E-43,4.17E-42
ZKSCAN3,1.129960767,6.36E-43,4.37E-42
P2RY6,1.444545419,8.08E-43,5.55E-42
PLA2G2A,-2.660885386,8.99E-43,6.17E-42
C7,-1.945643039,9.20E-43,6.31E-42
IL33,-1.811116783,9.38E-43,6.43E-42
NKX6-1,-1.703900304,1.16E-42,7.95E-42
CLDN5,-1.285821701,1.61E-42,1.10E-41
RRM2,1.179379129,1.62E-42,1.11E-41
MPZL2,-1.183697285,2.39E-42,1.63E-41
GPR45,-1.725523866,2.47E-42,1.68E-41
PRUNE2,-2.205493688,3.44E-42,2.33E-41
OXT,-1.550136818,3.89E-42,2.64E-41
NCAM1,-1.9907765,4.21E-42,2.85E-41
CTRB2,-2.661395283,4.42E-42,2.99E-41
ITSN2,-1.007857304,4.46E-42,3.01E-41
LDHD,-1.446595767,5.33E-42,3.60E-41
NUDT12,-1.003451993,5.34E-42,3.60E-41
SYNGR1,-1.269172205,5.51E-42,3.71E-41
SBSN,-1.879743389,5.85E-42,3.94E-41
SYNPO2,-2.027451674,6.35E-42,4.27E-41
DBF4,1.284043533,6.79E-42,4.56E-41
ICA1,-1.485991967,7.51E-42,5.04E-41
ADAMTS2,1.216021928,7.54E-42,5.06E-41
CD80,1.731680211,8.69E-42,5.81E-41
EMX1,1.568729843,1.17E-41,7.80E-41
SCN2B,-1.352339533,1.18E-41,7.89E-41
ADORA2B,1.011952716,1.23E-41,8.20E-41
KIF3C,1.295610738,1.34E-41,8.90E-41
TXK,-1.160032656,1.39E-41,9.23E-41
GJC1,-1.50860367,1.44E-41,9.54E-41
NCOA1,-1.011416373,1.64E-41,1.09E-40
PLEKHG4,1.42367104,1.66E-41,1.10E-40
EBLN1,1.498598757,2.03E-41,1.34E-40
ACTG2,-1.457727713,2.06E-41,1.37E-40
AKR1C1,2.177713381,2.44E-41,1.61E-40
SLC10A4,2.355393653,2.50E-41,1.65E-40
ZBTB7C,-1.460903557,2.54E-41,1.68E-40
OR8J3,1.066833823,2.55E-41,1.68E-40
LIMS2,-1.539345934,2.72E-41,1.79E-40
BTG2,-1.065469514,2.90E-41,1.91E-40
PHLDB2,1.319140923,2.93E-41,1.92E-40
ARHGAP32,-1.285334555,3.39E-41,2.23E-40
CCDC3,-1.09038305,3.68E-41,2.41E-40
PTH1R,-1.348946628,4.06E-41,2.66E-40
CARNS1,-1.007749798,5.42E-41,3.54E-40
EPHX3,-1.602426726,6.35E-41,4.14E-40
DSC1,2.494494199,6.58E-41,4.29E-40
EPN3,-1.202150812,6.96E-41,4.54E-40
OR2Z1,-1.472274293,8.16E-41,5.31E-40
CD14,1.106265593,8.35E-41,5.43E-40
ADCY5,-1.765554566,8.55E-41,5.56E-40
GCSAML,-1.553652003,8.83E-41,5.74E-40
CLDN16,1.484720043,9.27E-41,6.02E-40
PLS1,-1.3446403,1.06E-40,6.85E-40
PLPP2,1.086612189,1.15E-40,7.44E-40
FAM234B,1.006551151,1.22E-40,7.86E-40
CT83,2.879401476,1.33E-40,8.60E-40
CELA3A,-1.906346208,1.38E-40,8.90E-40
SCGB1D2,-2.688478815,1.40E-40,9.04E-40
FOLR1,-2.187319849,1.52E-40,9.77E-40
FOSB,-1.512747104,1.53E-40,9.84E-40
SLC44A5,1.844786254,1.65E-40,1.06E-39
EMILIN2,1.18186967,1.70E-40,1.09E-39
STARD9,-1.274928006,1.76E-40,1.13E-39
TDRD5,1.931278015,1.83E-40,1.18E-39
RAB42,1.173825356,1.90E-40,1.22E-39
BCL2A1,1.662200084,1.91E-40,1.23E-39
ACOXL,1.153284633,1.93E-40,1.23E-39
SLC6A16,-1.14890838,2.13E-40,1.36E-39
CPT1C,1.176718815,2.45E-40,1.56E-39
DSG3,-1.363666561,2.64E-40,1.69E-39
HMGN5,-1.12379167,2.70E-40,1.73E-39
COL9A3,1.933971456,2.80E-40,1.79E-39
VGF,1.854629616,3.10E-40,1.98E-39
DMRT1,2.030016046,3.24E-40,2.06E-39
JCHAIN,-1.838825038,3.46E-40,2.20E-39
XCL1,1.314840733,3.52E-40,2.24E-39
TBX1,1.363839955,4.84E-40,3.06E-39
HOXA4,-1.059528929,6.45E-40,4.07E-39
KCNA7,-1.831708042,7.11E-40,4.48E-39
OR6C76,-1.961647366,7.46E-40,4.70E-39
ABAT,-1.24547897,7.87E-40,4.95E-39
FAM174B,-1.15684916,9.84E-40,6.18E-39
FAM162B,-1.25628826,1.16E-39,7.29E-39
KBTBD12,-1.644876811,1.61E-39,1.01E-38
PHLDA1,-1.078072547,2.00E-39,1.25E-38
C12orf60,1.066218119,2.54E-39,1.59E-38
C1orf226,1.448017599,2.71E-39,1.69E-38
GABBR2,1.872526128,2.77E-39,1.72E-38
HRCT1,-1.431469104,2.98E-39,1.85E-38
TACR2,-1.474275393,3.27E-39,2.04E-38
PID1,-1.468968835,3.58E-39,2.22E-38
BAALC,2.092572986,3.92E-39,2.43E-38
COX7B2,2.998791168,4.20E-39,2.60E-38
GUCY1A2,1.39159377,4.20E-39,2.60E-38
PRELP,-1.720565554,4.32E-39,2.67E-38
GNG7,-1.330043943,4.54E-39,2.81E-38
RTTN,1.039896566,4.57E-39,2.82E-38
IGSF9,1.193094797,4.95E-39,3.06E-38
MS4A2,-1.502122378,5.04E-39,3.11E-38
RDH12,-1.901293421,5.48E-39,3.38E-38
DIXDC1,-1.188814567,5.58E-39,3.44E-38
TPM2,-1.212831492,5.65E-39,3.48E-38
LIFR,-1.517447742,6.19E-39,3.80E-38
FN1,1.477094156,6.49E-39,3.98E-38
MAP3K9,-1.141757046,6.51E-39,3.99E-38
SEMA3C,1.485369252,7.30E-39,4.48E-38
TLX2,1.571614717,7.51E-39,4.60E-38
TMEM253,-1.075804034,8.28E-39,5.07E-38
ZEB2,-1.082595613,9.46E-39,5.78E-38
JADE2,1.047952114,9.95E-39,6.07E-38
SIGLEC12,1.530644159,1.10E-38,6.69E-38
ECE1,1.008491367,1.21E-38,7.36E-38
NTN1,-1.137782113,1.38E-38,8.40E-38
PON3,1.697645201,1.50E-38,9.10E-38
FRMD3,-1.20435718,1.61E-38,9.72E-38
TAGLN,-1.252461223,1.72E-38,1.04E-37
ROS1,2.192851961,1.88E-38,1.14E-37
SH3BP4,1.121699282,2.14E-38,1.29E-37
ANKRD18B,-1.427276842,2.40E-38,1.44E-37
COL16A1,1.181571997,2.42E-38,1.46E-37
PPP1R3B,-1.03195571,2.84E-38,1.71E-37
PRDM1,-1.091393062,4.02E-38,2.40E-37
ASB5,-2.368092736,5.84E-38,3.48E-37
SLC35G2,1.117495114,6.65E-38,3.96E-37
BSPRY,-1.208591999,7.36E-38,4.37E-37
ELAVL2,2.138114072,7.43E-38,4.41E-37
ZNF618,1.144913256,8.49E-38,5.03E-37
PNLDC1,2.672604708,8.60E-38,5.10E-37
SLC44A4,-2.325501261,9.02E-38,5.34E-37
SLITRK5,-1.824416115,9.98E-38,5.90E-37
B4GALNT4,1.515387927,1.03E-37,6.07E-37
DRD1,-1.247810808,1.08E-37,6.34E-37
KLHL41,-1.216895378,1.17E-37,6.89E-37
EPHB1,1.674350185,1.18E-37,6.96E-37
TNFAIP3,1.202834864,1.20E-37,7.06E-37
FLYWCH1,1.124861711,1.20E-37,7.07E-37
GPRASP1,-1.024071186,1.51E-37,8.84E-37
IL20,1.853748321,1.54E-37,9.04E-37
ARHGEF38,-1.55556405,1.55E-37,9.12E-37
SLC16A9,-1.423144006,1.57E-37,9.18E-37
ATP8A1,-1.296915916,2.09E-37,1.22E-36
ADAMTSL1,-1.582292367,2.63E-37,1.54E-36
LRTOMT,-1.027887726,2.65E-37,1.55E-36
SMPD3,-1.466911482,2.76E-37,1.61E-36
COX6B2,1.569604715,2.96E-37,1.72E-36
KRTAP20-1,-1.501524887,3.11E-37,1.81E-36
ADAMDEC1,1.803087811,3.21E-37,1.87E-36
CCL26,1.4887151,3.46E-37,2.01E-36
BMX,-1.251747717,3.63E-37,2.11E-36
ADGRE2,1.172810592,4.25E-37,2.47E-36
S100A8,-1.54058317,4.31E-37,2.50E-36
ADIRF,-3.010835685,4.48E-37,2.59E-36
SCN2A,1.733076579,5.29E-37,3.06E-36
MROH6,-1.160176728,5.36E-37,3.10E-36
KCNMA1,-1.631140492,5.47E-37,3.16E-36
PROS1,-1.029275044,5.53E-37,3.19E-36
DPYSL4,1.813486613,5.72E-37,3.30E-36
HDC,-1.116597462,6.87E-37,3.96E-36
MISP3,-1.033066936,8.43E-37,4.85E-36
DGKB,-1.748833398,8.91E-37,5.13E-36
LDLRAD1,-1.876826385,8.94E-37,5.14E-36
MSI1,1.470003951,9.63E-37,5.53E-36
STK31,1.527228373,9.69E-37,5.56E-36
GAD1,1.708772637,9.98E-37,5.72E-36
JPH2,-1.587606902,1.11E-36,6.37E-36
IGSF10,-1.77351542,1.16E-36,6.62E-36
MTUS2,-1.449586499,1.24E-36,7.08E-36
HAS3,1.531961583,1.24E-36,7.09E-36
IGHMBP2,1.234464163,1.44E-36,8.24E-36
LCN10,-1.043881086,1.72E-36,9.79E-36
PDGFRL,1.761385752,1.78E-36,1.01E-35
CCDC110,-1.194418538,1.81E-36,1.03E-35
GXYLT2,1.539689873,1.90E-36,1.08E-35
EGFL6,1.268730363,2.01E-36,1.14E-35
PYM1,-1.005257873,2.28E-36,1.29E-35
PLBD1,-1.001347096,2.47E-36,1.39E-35
BST2,1.456768891,2.50E-36,1.41E-35
CDHR5,-1.505238075,2.72E-36,1.53E-35
SIGLEC15,1.07868209,2.83E-36,1.60E-35
NLGN3,-1.237932208,3.13E-36,1.76E-35
ATP4A,-2.5911204,3.92E-36,2.21E-35
CYP24A1,2.155675033,4.07E-36,2.28E-35
RELN,-1.719217391,4.62E-36,2.59E-35
LGI4,-1.298564086,4.84E-36,2.72E-35
FAM24B,1.056810383,5.45E-36,3.05E-35
M1AP,2.09639412,5.80E-36,3.24E-35
SST,-2.77650118,6.67E-36,3.72E-35
TBX3,1.059556213,7.17E-36,4.00E-35
ISLR,1.132622714,7.71E-36,4.30E-35
TBX20,2.715275821,8.99E-36,5.00E-35
HPSE,-1.1320756,9.52E-36,5.29E-35
SERPINB8,-1.014303288,1.14E-35,6.36E-35
ARRB1,-1.034818755,1.33E-35,7.41E-35
CAMK1G,1.499890658,1.35E-35,7.50E-35
UPK2,-1.426872729,1.51E-35,8.37E-35
PLEKHG6,-1.273121343,1.52E-35,8.42E-35
SLPI,-1.508815211,1.62E-35,8.98E-35
ATP8B3,1.513969788,1.75E-35,9.67E-35
HLA-DQB2,-1.713081966,1.91E-35,1.06E-34
MAGEC3,-1.053012382,2.37E-35,1.30E-34
RAC3,1.273307081,2.74E-35,1.51E-34
GDPD2,2.071178122,2.92E-35,1.60E-34
RALGPS1,-1.176136082,3.14E-35,1.72E-34
CAMK2N1,-1.046414099,3.40E-35,1.87E-34
SCGB1D4,-2.512373594,3.83E-35,2.10E-34
ACADL,-1.797289969,4.09E-35,2.24E-34
REG4,-2.282585894,5.54E-35,3.02E-34
FAM24A,1.399927955,6.22E-35,3.39E-34
CTLA4,1.265337989,6.29E-35,3.42E-34
TMEM252,-1.697488732,6.81E-35,3.70E-34
BNC1,1.264286197,1.07E-34,5.79E-34
GPR68,1.186487643,1.14E-34,6.18E-34
SH3RF2,-1.074234422,1.35E-34,7.30E-34
C16orf89,-1.321955313,1.38E-34,7.47E-34
NTN4,-1.030245049,1.47E-34,7.95E-34
AGMAT,1.044065495,1.48E-34,7.97E-34
DAGLA,-1.814186425,1.58E-34,8.53E-34
AQP10,1.491912453,1.69E-34,9.11E-34
WT1,1.864105024,1.82E-34,9.76E-34
TGM6,1.743217064,2.01E-34,1.08E-33
OSMR,1.037236201,2.13E-34,1.14E-33
SELENOP,-1.255192577,2.25E-34,1.21E-33
SLC7A8,1.16772693,2.28E-34,1.22E-33
NKX3-2,1.56086366,2.56E-34,1.37E-33
ENTPD7,1.029734906,2.65E-34,1.42E-33
DUOXA2,-1.373464716,2.72E-34,1.46E-33
PMP2,-1.601773001,2.90E-34,1.55E-33
RNF125,-1.110158854,3.10E-34,1.65E-33
C19orf84,1.639659609,3.25E-34,1.73E-33
RAI2,-1.146080756,3.29E-34,1.75E-33
PBX1,-1.050606745,3.31E-34,1.76E-33
SCGB1D1,-2.557370424,3.46E-34,1.84E-33
ZBED2,-1.41740984,3.66E-34,1.95E-33
PC,1.041186259,3.87E-34,2.05E-33
SOWAHB,-1.386596875,3.90E-34,2.07E-33
RND1,-1.477896336,3.99E-34,2.12E-33
RHPN1,1.123927267,4.16E-34,2.21E-33
CASQ1,-1.454173497,4.25E-34,2.25E-33
CNTNAP3,-1.263901235,4.28E-34,2.27E-33
ABCC1,1.03269332,5.21E-34,2.76E-33
COL24A1,1.294308234,7.25E-34,3.83E-33
TM4SF4,-1.663243261,8.00E-34,4.21E-33
SHISA3,-1.96534053,8.35E-34,4.39E-33
LEP,-1.840925855,9.22E-34,4.85E-33
RGS7,-1.383372938,9.51E-34,5.00E-33
SLC18A2,-1.234515232,1.06E-33,5.56E-33
IMPA2,-1.008649791,1.13E-33,5.90E-33
POTEB2,1.457631342,1.15E-33,6.04E-33
WNT7A,1.398733618,1.21E-33,6.36E-33
WDR86,1.359991836,1.35E-33,7.03E-33
KL,-1.327630419,1.60E-33,8.35E-33
FTCD,-1.208147874,1.64E-33,8.55E-33
CYP27C1,1.603161376,1.65E-33,8.58E-33
DYRK3,1.000431078,1.70E-33,8.87E-33
MT1H,-1.713660484,1.85E-33,9.65E-33
GDA,1.859104448,2.26E-33,1.17E-32
TRIM9,1.589170353,2.40E-33,1.25E-32
RGS9BP,-1.438607574,2.42E-33,1.26E-32
DNAH5,1.719667006,2.43E-33,1.26E-32
KLHL31,1.299192866,2.54E-33,1.32E-32
TNS3,1.033479578,2.87E-33,1.49E-32
PHLDB3,-1.003133797,2.92E-33,1.51E-32
IL1B,1.441119699,3.14E-33,1.62E-32
VANGL2,1.054267619,3.16E-33,1.63E-32
BARHL2,-1.475190333,3.27E-33,1.69E-32
RTP3,2.261721118,3.62E-33,1.87E-32
DIO2,-1.040177841,3.76E-33,1.94E-32
DCBLD2,1.173966398,3.79E-33,1.95E-32
P3H2,1.413635435,4.06E-33,2.09E-32
GIPC3,-1.152424027,4.11E-33,2.12E-32
RTN4RL2,1.079424157,4.21E-33,2.17E-32
CCDC140,1.95089071,4.32E-33,2.22E-32
SYCE2,1.10428305,5.34E-33,2.74E-32
TNIP3,1.538563269,6.07E-33,3.11E-32
KRT222,-1.68201668,6.18E-33,3.17E-32
ETV7,1.139821976,8.25E-33,4.22E-32
ASTN2,1.382090931,1.07E-32,5.45E-32
HSPB7,-1.877640475,1.29E-32,6.57E-32
SLC17A9,1.283378702,1.32E-32,6.73E-32
ATP2B3,-1.199815519,1.37E-32,6.96E-32
PEG3,-1.362224971,1.38E-32,7.02E-32
SYT1,1.537585671,1.46E-32,7.42E-32
HTR7,1.32671538,1.57E-32,8.00E-32
SCNN1A,-1.512474474,1.66E-32,8.45E-32
TLX1,1.871009353,1.95E-32,9.88E-32
KRT17,1.227880303,2.26E-32,1.14E-31
BCO2,-1.230080305,2.27E-32,1.15E-31
HTR1D,1.54031461,2.34E-32,1.18E-31
NFASC,-1.075034216,2.36E-32,1.19E-31
CLPS,-2.083825211,2.78E-32,1.40E-31
ICAM5,1.033589381,3.06E-32,1.54E-31
DNAH11,1.043515585,3.25E-32,1.63E-31
IL13RA2,1.787210159,3.26E-32,1.64E-31
CTTN,1.036783966,3.29E-32,1.65E-31
RYR2,-1.58317377,3.32E-32,1.67E-31
MANSC1,-1.104070305,3.44E-32,1.73E-31
MUC20,-1.580636128,3.51E-32,1.76E-31
PCDHB10,1.137510549,3.70E-32,1.85E-31
SLC38A5,1.276369456,3.84E-32,1.92E-31
SLCO1B1,1.540324167,4.13E-32,2.07E-31
C2CD4A,1.828083113,4.35E-32,2.17E-31
BPIFB2,-3.270606035,4.47E-32,2.23E-31
ALOX15B,-1.568175028,4.57E-32,2.28E-31
PRICKLE2,-1.030942662,4.89E-32,2.44E-31
CLEC4F,-1.557492031,4.96E-32,2.47E-31
RNF222,-1.457105088,5.16E-32,2.57E-31
ZFP92,1.068084849,5.43E-32,2.70E-31
C3orf70,-1.187140299,5.43E-32,2.70E-31
OTOGL,-1.151031043,5.50E-32,2.74E-31
NUDT11,1.153207412,6.49E-32,3.22E-31
FA2H,-1.546281582,6.69E-32,3.32E-31
KIAA1549,1.263162973,7.37E-32,3.66E-31
CPB1,-2.045287313,8.12E-32,4.03E-31
SEMA3E,-1.835768524,8.52E-32,4.22E-31
CLEC18B,-1.286903535,9.12E-32,4.51E-31
SPOCK3,2.223623476,9.40E-32,4.65E-31
ZNF385D,-1.300898051,9.73E-32,4.81E-31
HBD,-1.599526284,1.11E-31,5.48E-31
IGFL3,2.109203943,1.20E-31,5.93E-31
FOXL2NB,1.5941487,1.21E-31,5.97E-31
EYA2,-1.423728551,1.23E-31,6.08E-31
FBXO39,1.424087801,1.44E-31,7.10E-31
SH3TC2,-1.184382917,1.63E-31,8.00E-31
ACTL8,1.731113289,1.68E-31,8.26E-31
PCDH8,1.878913841,1.68E-31,8.26E-31
ANXA3,-1.079153179,2.02E-31,9.87E-31
MSRB3,-1.214963978,2.06E-31,1.01E-30
C1orf210,-1.029961599,2.14E-31,1.04E-30
FMO5,-1.348948834,2.24E-31,1.09E-30
HLA-F,1.007266383,2.28E-31,1.11E-30
CEACAM19,1.215862205,2.39E-31,1.16E-30
NBEA,-1.200195443,2.39E-31,1.16E-30
LRRN4CL,-1.155169303,2.49E-31,1.21E-30
KANK2,-1.061485888,2.55E-31,1.24E-30
DHRS9,-1.616805418,2.70E-31,1.31E-30
BATF2,1.361489704,2.93E-31,1.42E-30
IGSF6,1.078615509,3.18E-31,1.54E-30
FSHR,-1.274361252,3.27E-31,1.58E-30
NR0B2,-1.788315568,3.31E-31,1.60E-30
FAM218A,-1.254315714,3.54E-31,1.71E-30
STON1-GTF2A1L,-1.776757477,4.07E-31,1.96E-30
CPEB2,-1.141214995,4.91E-31,2.37E-30
SMR3B,-1.827844515,5.72E-31,2.75E-30
S100A7A,2.685588283,6.94E-31,3.33E-30
MSX1,1.253751319,7.88E-31,3.78E-30
PCDHGB1,1.675534172,7.90E-31,3.79E-30
LCE2B,2.609833568,7.93E-31,3.80E-30
HEPHL1,1.825927782,9.58E-31,4.58E-30
PDE1A,-1.081246424,9.92E-31,4.74E-30
LRRC69,1.518980232,1.02E-30,4.88E-30
MMP20,2.002722209,1.05E-30,4.99E-30
PLA2G5,-1.061146559,1.05E-30,5.02E-30
GRAMD1C,-1.142804494,1.06E-30,5.06E-30
GALNT6,1.509560044,1.13E-30,5.39E-30
TMPRSS11F,-1.752108134,1.14E-30,5.41E-30
OR2B6,1.549478506,1.26E-30,5.97E-30
TOB1,-1.18360855,1.39E-30,6.57E-30
ITPKA,1.24357556,1.57E-30,7.46E-30
REEP1,-1.468359032,1.59E-30,7.54E-30
KCNK7,-1.403431456,1.60E-30,7.58E-30
PAX3,2.063197633,1.61E-30,7.63E-30
PCDHB8,-1.309881598,1.73E-30,8.17E-30
PSTPIP2,1.056466855,1.96E-30,9.27E-30
TTLL7,-1.439479918,2.04E-30,9.63E-30
FOXS1,1.14640915,2.13E-30,1.00E-29
ABO,-1.712157139,2.40E-30,1.13E-29
CAPN9,-1.619360969,2.66E-30,1.25E-29
SLC2A12,-1.366883626,2.89E-30,1.36E-29
UNC93A,-1.81002043,2.91E-30,1.36E-29
DPY19L1,1.083061178,3.22E-30,1.51E-29
CHRM2,-1.750269528,3.24E-30,1.52E-29
MAGEB5,-1.434195433,3.32E-30,1.56E-29
CYP11A1,-1.234830118,3.81E-30,1.78E-29
FERMT1,1.037652161,3.98E-30,1.86E-29
EDN3,-1.881625277,4.13E-30,1.93E-29
ABRA,-1.378607124,4.73E-30,2.21E-29
FANCD2P2,1.300342088,4.95E-30,2.31E-29
RGS17,-1.256169374,5.19E-30,2.42E-29
PRR27,-1.70120573,5.27E-30,2.45E-29
OR9A4,1.924236379,5.58E-30,2.60E-29
GRIK3,-1.604467605,6.20E-30,2.88E-29
RNF39,-1.400424117,6.31E-30,2.94E-29
S100B,-1.214298177,6.44E-30,2.99E-29
ALDH1A2,-1.671953329,6.54E-30,3.04E-29
NR0B1,2.366625104,6.92E-30,3.21E-29
ANKRD34B,1.607792432,6.98E-30,3.24E-29
CDA,-1.493507097,7.98E-30,3.70E-29
DAPL1,-1.73831199,8.64E-30,4.00E-29
A4GNT,-1.591294542,1.02E-29,4.73E-29
AKAP6,-1.228439995,1.05E-29,4.86E-29
RIMS1,-1.973272752,1.26E-29,5.80E-29
CPXM1,1.209228783,1.35E-29,6.21E-29
SCML4,-1.329039887,1.43E-29,6.58E-29
MOGAT1,-1.505334249,1.49E-29,6.86E-29
GJB1,-1.426411254,1.87E-29,8.57E-29
CA3,-1.427975573,1.97E-29,9.02E-29
QRFPR,1.987242931,2.01E-29,9.21E-29
RHOD,-1.117747493,2.07E-29,9.48E-29
WNT16,1.357057721,2.17E-29,9.92E-29
HPDL,1.176732019,2.19E-29,1.00E-28
SALL1,1.713991047,2.26E-29,1.04E-28
EPS8L3,-1.901715098,2.34E-29,1.07E-28
GLIS3,1.257971644,2.63E-29,1.20E-28
PITPNM3,-1.151028682,2.66E-29,1.22E-28
CBLN1,-1.548203589,3.11E-29,1.41E-28
PLIN1,-1.232197,4.37E-29,1.98E-28
CX3CR1,-1.329454179,4.82E-29,2.18E-28
KRT20,-2.327982371,5.39E-29,2.44E-28
INMT,-1.17527424,5.49E-29,2.48E-28
MMP9,1.143662719,5.66E-29,2.56E-28
LRRTM1,-1.391713324,6.15E-29,2.78E-28
CLEC5A,1.242340162,7.46E-29,3.36E-28
SKP2,1.021325782,7.64E-29,3.44E-28
SEZ6L2,1.32709207,8.62E-29,3.87E-28
LPL,1.495082148,9.10E-29,4.09E-28
PIP,-2.074494535,9.59E-29,4.30E-28
PRR19,1.072752692,1.00E-28,4.50E-28
TMEM116,1.109314708,1.03E-28,4.62E-28
KLRB1,-1.368225726,1.04E-28,4.65E-28
RHD,-1.182011119,1.05E-28,4.72E-28
LRRC38,1.502274244,1.15E-28,5.15E-28
LHX9,1.467655211,1.16E-28,5.17E-28
RBM24,-1.474108041,1.20E-28,5.35E-28
CRAT,-1.140575316,1.27E-28,5.65E-28
COL4A5,1.08809687,1.35E-28,6.02E-28
GPR62,-1.031241117,1.36E-28,6.05E-28
OR10C1,-1.076923812,1.85E-28,8.20E-28
KRT36,-1.273520121,1.96E-28,8.68E-28
GJA3,1.431940689,2.11E-28,9.37E-28
HIF3A,-1.59437137,2.23E-28,9.90E-28
NTS,2.776304203,2.95E-28,1.31E-27
KIT,-1.552619973,3.05E-28,1.35E-27
CTNNA2,-1.281882584,3.10E-28,1.37E-27
FOXG1,1.684260856,3.12E-28,1.38E-27
HMGCLL1,-1.246637777,3.14E-28,1.39E-27
CIT,1.125430269,3.18E-28,1.40E-27
HTRA3,1.038336111,3.35E-28,1.48E-27
ADAM23,1.57155108,4.09E-28,1.80E-27
HOXB5,1.142755236,4.23E-28,1.85E-27
REG3G,-1.703777831,4.56E-28,2.00E-27
ANG,-1.058612079,4.57E-28,2.00E-27
DKK4,-1.809280821,5.18E-28,2.27E-27
HOXA7,1.063132023,5.43E-28,2.38E-27
GFRA1,-1.430134349,5.95E-28,2.60E-27
KCNH1,1.770344844,6.09E-28,2.66E-27
OR11H4,1.838945123,6.18E-28,2.70E-27
GPAT3,-1.136256445,6.36E-28,2.78E-27
KCNQ5,1.183209083,6.61E-28,2.88E-27
G0S2,1.361805692,7.15E-28,3.11E-27
CHODL,1.366905436,7.26E-28,3.16E-27
AZGP1,-2.229617532,7.37E-28,3.21E-27
GHRHR,-1.157162886,8.03E-28,3.49E-27
TNFRSF11B,1.463584736,8.21E-28,3.57E-27
KIF1A,1.967952937,1.03E-27,4.46E-27
LOXL4,1.646361347,1.05E-27,4.55E-27
FAIM2,-1.087024249,1.11E-27,4.81E-27
NDNF,-1.171909152,1.15E-27,4.95E-27
LRFN5,-1.304721417,1.18E-27,5.10E-27
LYPD8,1.923408725,1.19E-27,5.12E-27
MAGEC2,2.320836562,1.30E-27,5.62E-27
SLC29A4,1.031111782,1.61E-27,6.91E-27
DES,-1.837354858,1.64E-27,7.05E-27
RNF150,-1.366062457,1.66E-27,7.14E-27
ACTBL2,-1.224637615,1.66E-27,7.15E-27
SESN3,1.1723564,1.76E-27,7.54E-27
BPIFB1,-3.034924534,2.43E-27,1.04E-26
GPC3,1.617359175,2.50E-27,1.07E-26
GLDC,1.490561181,2.51E-27,1.07E-26
PRKAR2B,-1.167286787,2.62E-27,1.12E-26
THSD1,1.165004838,2.66E-27,1.14E-26
KCTD8,-1.542181306,3.13E-27,1.34E-26
RHOV,-1.078630485,3.18E-27,1.36E-26
MAOA,-1.001989244,3.22E-27,1.37E-26
TRIM50,-1.466349529,3.26E-27,1.39E-26
CPED1,-1.335916659,3.37E-27,1.43E-26
TAGLN3,1.521472991,3.87E-27,1.65E-26
IGSF9B,-1.502754455,4.26E-27,1.81E-26
CTSE,-1.83926308,4.57E-27,1.95E-26
IRX6,1.739021166,4.68E-27,1.99E-26
SLC25A41,-1.006756464,4.87E-27,2.07E-26
NXF5,1.515784694,4.93E-27,2.09E-26
TGM5,-1.353294937,5.03E-27,2.14E-26
NLRP10,1.956362367,5.54E-27,2.35E-26
DZIP1L,1.111289678,6.43E-27,2.72E-26
MX2,1.008917929,6.73E-27,2.84E-26
SCG2,1.550259538,6.93E-27,2.93E-26
MAGEA8,1.140731394,7.28E-27,3.07E-26
TPCN2,1.075645531,8.98E-27,3.78E-26
ZIC1,1.708648565,1.04E-26,4.37E-26
TMEM47,-1.277759192,1.18E-26,4.95E-26
FLRT2,1.212527758,1.27E-26,5.34E-26
HAS2,1.404691635,1.40E-26,5.86E-26
TYMSOS,1.090066395,1.42E-26,5.94E-26
HMHB1,-1.908028886,1.55E-26,6.48E-26
NLGN1,-1.403126019,1.65E-26,6.88E-26
HOXB6,1.152451708,2.17E-26,9.05E-26
IVL,-1.377679188,2.18E-26,9.06E-26
PRDM12,1.099384507,2.38E-26,9.88E-26
TAAR1,-1.507300067,2.40E-26,9.99E-26
UTRN,-1.031907454,2.51E-26,1.05E-25
CNGB1,1.281135151,3.22E-26,1.34E-25
OR2L2,1.271719661,3.29E-26,1.37E-25
CCDC87,1.058883511,3.51E-26,1.45E-25
ADAMTSL3,-1.487869158,3.77E-26,1.56E-25
OVOL1,-1.246503766,3.79E-26,1.57E-25
NUP210,1.07243976,3.90E-26,1.61E-25
PPP1R9A,-1.625860217,3.96E-26,1.64E-25
NR4A3,-1.566548676,4.17E-26,1.72E-25
FOXC2,1.621217908,4.38E-26,1.81E-25
MFSD13A,1.017086736,4.85E-26,2.00E-25
TFAP4,1.018379959,6.37E-26,2.62E-25
PLA2G1B,-1.909906757,8.56E-26,3.51E-25
HTRA4,1.188554891,9.68E-26,3.96E-25
KRT34,1.513870448,1.09E-25,4.44E-25
ZFP28,-1.080247128,1.10E-25,4.49E-25
KCNK15,-1.099994674,1.13E-25,4.61E-25
EMID1,1.353870483,1.19E-25,4.85E-25
C5orf46,1.795810111,1.31E-25,5.32E-25
CYSLTR1,-1.321272903,1.36E-25,5.53E-25
ELOVL4,-1.257599445,1.44E-25,5.85E-25
RNASE2,1.392128677,1.47E-25,5.98E-25
SLC8A1,-1.411472805,2.04E-25,8.25E-25
ALOXE3,1.360951391,2.14E-25,8.65E-25
MYL2,-1.32094412,2.59E-25,1.05E-24
PLPPR1,1.671550366,2.69E-25,1.08E-24
RASEF,-1.111331101,2.77E-25,1.12E-24
PTGS1,-1.090584504,3.05E-25,1.23E-24
PDCD1LG2,1.300036976,3.32E-25,1.34E-24
OR6C70,1.916839111,4.13E-25,1.66E-24
TMEM178A,-1.169810058,4.28E-25,1.72E-24
GCNT4,-1.039991407,4.41E-25,1.77E-24
PTGIS,-1.621917827,4.70E-25,1.89E-24
OBP2A,1.341660115,5.25E-25,2.10E-24
TNFRSF9,1.055869342,5.28E-25,2.11E-24
TDRP,1.047637909,5.58E-25,2.23E-24
HES7,1.178385517,7.19E-25,2.87E-24
SUSD4,-1.199319194,7.54E-25,3.00E-24
ASCL4,1.743458593,8.97E-25,3.57E-24
NECAB1,-1.377318616,9.14E-25,3.64E-24
RETNLB,1.542608182,9.19E-25,3.65E-24
LCE1C,-1.433376714,9.93E-25,3.94E-24
CENPV,1.118569133,1.00E-24,3.97E-24
CACNG7,-1.365732078,1.03E-24,4.09E-24
PLXNA4,-1.300749749,1.05E-24,4.14E-24
GRXCR1,1.187118882,1.18E-24,4.68E-24
COL2A1,1.952625726,1.20E-24,4.74E-24
OAS2,1.027193592,1.29E-24,5.09E-24
POU4F1,1.494291577,1.69E-24,6.65E-24
RNF151,-1.007710205,2.14E-24,8.38E-24
KCNE2,-1.64084855,2.27E-24,8.89E-24
TPPP,-1.109495249,2.70E-24,1.06E-23
PSORS1C1,1.244119707,3.30E-24,1.29E-23
MRGPRF,-1.053764742,3.39E-24,1.32E-23
DACT3,-1.004483937,3.53E-24,1.38E-23
HPGDS,-1.003824379,3.63E-24,1.41E-23
CALN1,1.834118317,3.64E-24,1.42E-23
LDOC1,-1.179306314,3.72E-24,1.45E-23
KLF15,-1.289871484,4.90E-24,1.90E-23
HSD11B1,1.242475795,5.58E-24,2.16E-23
IGFBPL1,1.209000274,5.65E-24,2.19E-23
CEACAM8,-1.096000385,5.85E-24,2.26E-23
ADH7,-1.68471781,5.96E-24,2.30E-23
FXYD3,1.02825344,6.86E-24,2.65E-23
LHCGR,-1.388564918,7.03E-24,2.71E-23
IGFL4,1.303935511,7.14E-24,2.75E-23
SNX31,-1.581083154,7.17E-24,2.77E-23
DPYSL5,1.679144507,7.23E-24,2.79E-23
SULT1E1,2.023370963,9.49E-24,3.64E-23
ASPHD1,1.095867037,1.02E-23,3.92E-23
SLC39A14,1.229894724,1.11E-23,4.25E-23
LY6G6C,-1.461877454,1.13E-23,4.32E-23
MT1HL1,-1.781145917,1.14E-23,4.37E-23
IL37,-1.236795628,1.21E-23,4.63E-23
FRMPD2,-1.716989401,1.34E-23,5.13E-23
SPANXB1,1.835237336,1.34E-23,5.13E-23
TMEM151B,1.659026899,1.43E-23,5.45E-23
GPR156,1.113107877,1.43E-23,5.46E-23
C10orf67,1.257690939,1.57E-23,5.97E-23
PROM1,-1.653240191,2.01E-23,7.62E-23
CAP2,-1.043425018,2.08E-23,7.89E-23
SMIM22,-1.5731269,2.14E-23,8.12E-23
CUX2,-1.190445171,2.40E-23,9.10E-23
CPO,-1.100212443,2.71E-23,1.03E-22
TARM1,-1.292783576,2.77E-23,1.05E-22
RIPPLY3,1.360214215,3.24E-23,1.22E-22
BEAN1,-1.159902976,3.69E-23,1.39E-22
SLITRK2,-1.271143217,4.12E-23,1.55E-22
OCSTAMP,1.222023521,4.16E-23,1.57E-22
KLHL30,-1.111391823,4.22E-23,1.59E-22
RASL11A,-1.040725183,4.85E-23,1.82E-22
CLDN6,1.106445639,4.90E-23,1.84E-22
ACTA1,-1.386368414,5.98E-23,2.24E-22
RASGEF1A,1.182407669,6.97E-23,2.61E-22
DNAAF3,1.223428353,7.39E-23,2.77E-22
CSMD3,1.588927963,8.74E-23,3.26E-22
RXRG,-1.357138679,9.09E-23,3.39E-22
CELF2,-1.057965675,1.13E-22,4.19E-22
RERG,-1.066541963,1.20E-22,4.47E-22
SPRR2G,2.028601887,1.51E-22,5.60E-22
TMEM169,1.014919774,1.59E-22,5.92E-22
GAS2,-1.038414687,1.83E-22,6.79E-22
TGM4,1.25560871,1.85E-22,6.86E-22
GALNTL6,-1.042140735,2.35E-22,8.67E-22
NPTX2,1.51889908,2.61E-22,9.62E-22
ALDOB,-1.203181403,2.69E-22,9.90E-22
AGR2,-1.861570768,2.97E-22,1.09E-21
DMRT3,1.497924822,3.22E-22,1.18E-21
LGSN,1.421160992,3.40E-22,1.25E-21
TMSB15B,1.013111972,4.08E-22,1.49E-21
LRRC17,1.389731455,4.25E-22,1.55E-21
HOXB9,1.284484313,4.52E-22,1.65E-21
FABP4,2.098437024,5.75E-22,2.09E-21
PLIN5,-1.162664043,5.96E-22,2.16E-21
SLC5A1,-1.312722938,6.24E-22,2.26E-21
CPA2,-1.83094585,7.94E-22,2.87E-21
CNTNAP5,1.195433861,8.02E-22,2.90E-21
MAPK4,-1.638908747,9.17E-22,3.31E-21
SHE,-1.002097734,9.39E-22,3.39E-21
SAMD9,-1.038430651,9.60E-22,3.46E-21
CAPSL,1.405260663,1.14E-21,4.10E-21
CHST9,-1.823357361,1.16E-21,4.16E-21
FAM167A,1.178761978,1.16E-21,4.17E-21
AP3B2,1.112695831,1.43E-21,5.12E-21
CLDN1,1.040382587,1.48E-21,5.31E-21
SMOC1,1.433047567,1.51E-21,5.39E-21
CBR3,-1.007866803,1.59E-21,5.67E-21
SORBS1,-1.205240373,1.72E-21,6.15E-21
KRT2,-1.639692352,1.80E-21,6.43E-21
OTOP3,-1.603397122,1.86E-21,6.63E-21
MKX,-1.233489563,1.98E-21,7.06E-21
POF1B,-1.448065888,2.05E-21,7.30E-21
IFNK,1.46168976,2.21E-21,7.89E-21
CHRNB2,-1.275505259,2.27E-21,8.09E-21
MGAT5B,1.160335283,2.54E-21,9.03E-21
MLIP,-1.081825017,3.01E-21,1.07E-20
NPSR1,1.227812969,3.91E-21,1.38E-20
KYNU,1.180369128,3.97E-21,1.40E-20
MFSD4A,-1.48157882,4.60E-21,1.62E-20
ALX4,1.143171224,5.02E-21,1.77E-20
CFAP47,1.284625466,5.48E-21,1.93E-20
LCE6A,1.489144079,5.72E-21,2.01E-20
ACCSL,1.098490377,5.94E-21,2.08E-20
TMPRSS11D,-1.344486317,5.99E-21,2.10E-20
IP6K3,-1.366726345,7.20E-21,2.52E-20
CMPK2,1.177412004,7.70E-21,2.69E-20
PDCL2,-1.257793001,8.05E-21,2.81E-20
GREB1,1.18213983,8.33E-21,2.91E-20
PTCH2,-1.108642952,9.56E-21,3.33E-20
ITGB6,1.091135978,1.02E-20,3.55E-20
SOD3,-1.029044666,1.14E-20,3.96E-20
ITGA9,-1.279784446,1.30E-20,4.49E-20
SULT1C2,-1.40645467,1.31E-20,4.53E-20
USP2,-1.135729036,1.34E-20,4.65E-20
UBE2QL1,1.357789877,1.46E-20,5.03E-20
TM4SF5,-1.427053671,1.47E-20,5.08E-20
ALX3,1.461116262,1.60E-20,5.51E-20
AGMO,1.328463994,1.69E-20,5.82E-20
GUCY2D,1.021275013,1.74E-20,5.99E-20
LIM2,1.401623836,1.83E-20,6.30E-20
SLCO4A1,-1.070530751,2.28E-20,7.82E-20
MAOB,-1.269813203,2.33E-20,7.97E-20
NLGN4X,1.100232437,2.94E-20,1.01E-19
C2CD4B,-1.20214302,3.03E-20,1.03E-19
WNT10B,1.282019372,3.58E-20,1.22E-19
SYT5,1.464474243,3.99E-20,1.36E-19
CSN3,-1.42533784,4.34E-20,1.47E-19
PRRT1,-1.074192932,4.46E-20,1.51E-19
ADAMTS3,1.194937935,4.62E-20,1.57E-19
GNRHR,-1.221334933,4.93E-20,1.67E-19
MYOM3,1.091800231,5.35E-20,1.81E-19
ADCYAP1,-1.581417842,5.73E-20,1.93E-19
NAA11,1.063771253,5.89E-20,1.99E-19
DMD,-1.216051999,6.41E-20,2.16E-19
PLA2G4E,1.620836083,6.85E-20,2.31E-19
OR7C1,1.0445185,7.54E-20,2.53E-19
TMC5,-1.57265201,7.83E-20,2.63E-19
CHGA,-1.745373642,7.89E-20,2.65E-19
RBP4,1.545836975,8.86E-20,2.96E-19
TMEM229B,1.045044358,1.06E-19,3.54E-19
B4GALNT2,1.456444914,1.09E-19,3.63E-19
DPP4,1.111071213,1.09E-19,3.64E-19
LIPM,-1.031281903,1.12E-19,3.74E-19
FMO1,1.034856356,1.23E-19,4.08E-19
PHGR1,-1.540887267,1.29E-19,4.28E-19
RIBC2,1.147177647,1.85E-19,6.12E-19
TNNI3,1.434358924,2.39E-19,7.93E-19
PAQR5,-1.07084813,2.45E-19,8.10E-19
WFDC5,1.217653808,2.96E-19,9.77E-19
SDK2,1.088456761,2.99E-19,9.86E-19
CDH18,1.305616906,3.14E-19,1.03E-18
CILP,-1.432795665,3.41E-19,1.13E-18
ROBO2,-1.042035227,3.72E-19,1.23E-18
DMBT1,-1.693003554,4.15E-19,1.36E-18
SLC39A2,-1.195890937,4.39E-19,1.44E-18
NEU2,1.53404035,5.15E-19,1.68E-18
B3GALT5,-1.57727038,5.29E-19,1.73E-18
SLCO1B3,1.360469416,5.70E-19,1.86E-18
ZDHHC15,-1.177306577,7.16E-19,2.33E-18
RHBDL3,1.183055294,8.06E-19,2.62E-18
PRMT8,1.144816437,9.87E-19,3.20E-18
OR52H1,-1.4603806,1.01E-18,3.26E-18
SLC35G3,1.160714869,1.48E-18,4.75E-18
ARNT2,1.157096456,1.88E-18,6.04E-18
NKX2-2,1.723278707,2.09E-18,6.70E-18
ADD2,1.068389807,2.13E-18,6.83E-18
SFTPB,1.067334693,2.52E-18,8.04E-18
UGT2B15,-1.629468923,2.64E-18,8.43E-18
LY6D,-1.09835395,2.79E-18,8.89E-18
WNT8B,1.030412447,2.99E-18,9.52E-18
XCR1,-1.057382741,3.26E-18,1.04E-17
LY6K,1.087091088,4.28E-18,1.36E-17
S100G,-1.003341884,4.52E-18,1.43E-17
METTL24,-1.368284089,4.81E-18,1.52E-17
MYBPC2,-1.069503392,6.18E-18,1.95E-17
GLYATL2,-1.532626235,6.53E-18,2.05E-17
CES5A,1.297664975,7.35E-18,2.30E-17
XIRP1,1.064440686,7.93E-18,2.48E-17
IHH,-1.073979097,8.14E-18,2.55E-17
SOSTDC1,1.525855348,8.18E-18,2.56E-17
AKR1C4,-1.013042004,8.64E-18,2.70E-17
PYDC2,1.52820665,8.65E-18,2.70E-17
C5AR1,1.015486433,8.82E-18,2.75E-17
KLK9,1.151691922,9.59E-18,2.99E-17
CLDN22,-1.813011583,1.03E-17,3.23E-17
PCDH19,1.267275834,1.05E-17,3.28E-17
SPRR1A,-1.139452606,1.14E-17,3.55E-17
DMRTA2,1.400547894,1.38E-17,4.29E-17
LHFPL1,1.271463123,1.45E-17,4.49E-17
AFF2,1.178107949,1.50E-17,4.65E-17
NMRK2,-1.201300317,1.65E-17,5.11E-17
PPARG,-1.006041016,1.81E-17,5.59E-17
OLFM1,1.247019748,1.93E-17,5.97E-17
KRT80,-1.021542694,1.96E-17,6.05E-17
KRT24,-1.724046699,2.08E-17,6.41E-17
NT5E,1.02430592,2.16E-17,6.66E-17
DLG2,-1.032223621,2.56E-17,7.86E-17
TAS2R14,-1.086724446,3.47E-17,1.06E-16
CDKN2B,-1.068203934,3.56E-17,1.09E-16
DUOX2,-1.084987211,4.59E-17,1.40E-16
ZCCHC13,-1.034955102,4.85E-17,1.48E-16
IFNL3,1.267247484,5.75E-17,1.74E-16
CDKN2A,1.509293388,5.90E-17,1.79E-16
FGFBP1,-1.005083562,6.31E-17,1.91E-16
KRT8,1.016871188,6.52E-17,1.97E-16
CR2,-1.585210797,6.85E-17,2.07E-16
AKR1C3,1.209523789,8.06E-17,2.44E-16
ESRRG,-1.013660173,9.57E-17,2.88E-16
ACER1,-1.086117611,1.16E-16,3.47E-16
PAX7,1.25608893,1.26E-16,3.79E-16
C1orf105,1.163605792,1.38E-16,4.14E-16
SYNE3,-1.048760944,1.45E-16,4.34E-16
RGS13,-1.291228839,1.64E-16,4.89E-16
PPBP,1.272093947,1.67E-16,4.98E-16
MEGF10,1.134991884,1.99E-16,5.94E-16
NOTUM,1.302545733,2.09E-16,6.21E-16
BEX1,1.648977323,2.12E-16,6.31E-16
TNMD,-1.038383611,2.66E-16,7.89E-16
SOX1,1.107470517,2.79E-16,8.28E-16
KRTAP29-1,-1.067853873,3.29E-16,9.71E-16
CYP4F11,1.495085524,3.33E-16,9.83E-16
PODN,-1.037801585,3.62E-16,1.07E-15
PPARGC1A,-1.343188698,3.67E-16,1.08E-15
MMP16,1.157482415,4.25E-16,1.25E-15
AQP5,-1.241536818,4.28E-16,1.26E-15
CST6,-1.257846424,4.32E-16,1.27E-15
ETNPPL,-1.012908807,4.53E-16,1.33E-15
ZIC4,1.1758125,5.19E-16,1.52E-15
IFNG,1.194041097,5.28E-16,1.55E-15
TFPI2,1.236627552,5.40E-16,1.58E-15
MEOX2,-1.124469153,7.51E-16,2.19E-15
CAPZA3,-1.02248739,8.17E-16,2.38E-15
SPTLC3,-1.084198753,8.91E-16,2.59E-15
SEMA3D,1.021860382,9.66E-16,2.80E-15
CLDN18,-1.5641892,1.01E-15,2.93E-15
IL36G,1.363324406,1.21E-15,3.48E-15
CLDN11,-1.095211042,1.21E-15,3.49E-15
KRT40,-1.026708513,1.28E-15,3.69E-15
KRTAP5-9,1.037953474,1.33E-15,3.83E-15
RPE65,1.376280306,1.69E-15,4.85E-15
C4BPB,-1.062387638,2.48E-15,7.06E-15
SOX10,-1.268367149,2.57E-15,7.31E-15
LGI3,-1.087985558,2.91E-15,8.25E-15
TBX18,1.007563218,3.06E-15,8.67E-15
GAST,1.208200188,4.05E-15,1.14E-14
MAGEB6,1.065438665,4.17E-15,1.17E-14
LCE2D,1.40085405,6.54E-15,1.83E-14
AARD,-1.186305995,6.73E-15,1.88E-14
MNX1,1.169259484,7.27E-15,2.03E-14
JAKMIP2,1.135832498,7.28E-15,2.03E-14
GPR149,1.113650004,8.14E-15,2.27E-14
SPRR1B,-1.051403824,8.56E-15,2.39E-14
TIMP4,-1.047043556,9.12E-15,2.54E-14
UPK1B,1.741996421,9.28E-15,2.58E-14
GABRG3,1.110175182,1.02E-14,2.82E-14
RNF183,-1.149397927,1.10E-14,3.06E-14
TNFSF18,1.36114593,1.20E-14,3.31E-14
TNFRSF13B,-1.101637928,1.47E-14,4.07E-14
SEMA6D,1.141523092,1.60E-14,4.42E-14
IFNL1,1.004694328,2.73E-14,7.46E-14
F13A1,-1.247940905,3.03E-14,8.24E-14
CBLN2,1.135131391,3.05E-14,8.29E-14
HBA2,-1.081597706,3.25E-14,8.83E-14
FSTL4,1.065560053,3.97E-14,1.07E-13
IRX1,1.560260259,4.11E-14,1.11E-13
TSKS,1.000074929,4.67E-14,1.26E-13
DNAH14,1.064446686,4.97E-14,1.34E-13
CD40LG,-1.001124865,5.81E-14,1.56E-13
NRXN2,1.065778145,6.40E-14,1.71E-13
OR5M11,1.03439349,8.24E-14,2.20E-13
ENPP6,-1.142638428,1.11E-13,2.94E-13
CCDC190,1.415081678,1.12E-13,2.96E-13
CLEC6A,1.088248943,1.37E-13,3.61E-13
COX8C,1.370451299,1.44E-13,3.78E-13
DCC,1.102051274,1.72E-13,4.51E-13
ACY3,-1.031133144,2.67E-13,6.98E-13
MRAP2,1.023992638,3.06E-13,7.97E-13
ALOX15,1.132104576,3.97E-13,1.03E-12
GATA4,-1.028055914,4.02E-13,1.04E-12
CRABP1,1.253576856,5.70E-13,1.47E-12
TAS2R43,1.011155733,6.90E-13,1.77E-12
STEAP4,-1.095881961,7.80E-13,2.00E-12
CLDN10,-1.400705341,7.84E-13,2.00E-12
ZMAT4,1.294182255,7.98E-13,2.04E-12
DNASE2B,1.161467132,7.99E-13,2.04E-12
BANK1,-1.002255577,8.51E-13,2.17E-12
MUC12,1.083839268,8.73E-13,2.23E-12
PLCH1,1.051493601,1.11E-12,2.82E-12
KRT37,1.158665638,1.19E-12,3.01E-12
KERA,1.007067783,1.21E-12,3.07E-12
ACOD1,1.008721676,1.27E-12,3.22E-12
FLRT3,1.045531099,1.36E-12,3.43E-12
FCAMR,-1.115773684,1.37E-12,3.46E-12
TUBB2B,1.139800607,1.40E-12,3.54E-12
CAPN6,-1.234643213,1.41E-12,3.56E-12
IFNE,1.20025992,2.00E-12,5.01E-12
C4orf19,-1.107845805,3.26E-12,8.12E-12
PCDH20,-1.021550986,3.41E-12,8.48E-12
LTF,-1.44631481,4.26E-12,1.05E-11
MYO3A,1.042529876,4.74E-12,1.17E-11
AMBP,-1.082702442,4.94E-12,1.22E-11
EIF1AY,-1.173773524,5.21E-12,1.28E-11
KRTAP5-7,1.033571248,1.26E-11,3.06E-11
HOXB8,1.007673941,1.38E-11,3.32E-11
VWDE,1.159958038,1.83E-11,4.39E-11
SERPINA9,1.25944409,2.10E-11,5.01E-11
DLGAP1,1.037841182,2.38E-11,5.68E-11
ZNF385B,-1.006674113,3.58E-11,8.48E-11
EREG,-1.009324377,4.54E-11,1.07E-10
CLEC2A,1.160793278,4.59E-11,1.08E-10
SCGB3A2,-1.093048202,5.66E-11,1.33E-10
MS4A1,-1.291637399,5.98E-11,1.40E-10
BARX1,1.459938636,8.14E-11,1.90E-10
GSTM1,1.206064606,1.82E-10,4.16E-10
LCE5A,-1.057849581,2.11E-10,4.82E-10
FCRLA,-1.095272747,2.15E-10,4.91E-10
SP5,-1.000560731,2.60E-10,5.91E-10
NEFL,1.04332371,2.67E-10,6.06E-10
IL17C,1.051976272,2.71E-10,6.14E-10
MAEL,1.111940435,2.83E-10,6.42E-10
CPLX3,-1.047702853,3.17E-10,7.17E-10
CIDEB,-1.326186999,1.04E-09,2.30E-09
NPFFR2,1.031778246,1.10E-09,2.44E-09
SRY,-1.258987241,2.06E-09,4.48E-09
DCANP1,-1.155226634,1.19E-08,2.50E-08
PTPRCAP,-1.08486491,9.53E-07,1.80E-06
S100A7,1.036161842,9.69E-07,1.83E-06
OLFM4,1.016685747,2.19E-06,4.05E-06
CDR1,-1.193083168,2.41E-06,4.43E-06
